dimension,value,strategy,pairs,qualified_pairs,win_rate,tie_rate,median_delta_s_per_source,P95_delta_s_per_source,worst_delta_s_per_source,worst_seed,mean_delta_movement_m,mean_delta_measurements,mean_delta_switches,mean_delta_clear_failures,E11_runs,E11_sources,E11_all_cleared,E11_qualified,E11_failed_runs,E11_performance_population,E11_performance_runs,E11_weighted_time_per_source_s,E11_mean_time_per_source_s,E11_median,E11_P90,E11_P95,E11_P99,E11_max,E11_CVaR95,E11_tail_count,E11_mean_movement_m,E11_mean_measurements,E11_mean_switches,E11_mean_clear_failures,E12_runs,E12_sources,E12_all_cleared,E12_qualified,E12_failed_runs,E12_performance_population,E12_performance_runs,E12_weighted_time_per_source_s,E12_mean_time_per_source_s,E12_median,E12_P90,E12_P95,E12_P99,E12_max,E12_CVaR95,E12_tail_count,E12_mean_movement_m,E12_mean_measurements,E12_mean_switches,E12_mean_clear_failures
N,10,T2,28,28,0.6071428571428571,0.0,-1.1306904499999746,17.726157764999975,43.448054900000045,27182848,-617.4065523717737,16.535714285714285,14,-0.39285714285714285,28,280,True,True,0,qualified_runs_only,28,316.27109403928574,316.2710940392857,319.18067075,352.02534734,356.97606183,363.942387361,365.96988369999997,362.21526085,2,12039.62613092586,118.17857142857143,110.03571428571429,1.2857142857142858,28,280,True,True,0,qualified_runs_only,28,313.4729630035714,313.4729630035714,315.1882021,338.57926368,340.48736559499997,341.238227574,341.3186535,341.1697166,2,11422.219578554088,134.71428571428572,124.03571428571429,0.8928571428571429
N,11,T2,29,29,0.5172413793103449,0.034482758620689655,-0.0947179090909458,31.228331999999973,37.23596781818185,27182877,-331.24644079397524,11.03448275862069,9.862068965517242,-0.6206896551724138,29,319,True,True,0,qualified_runs_only,29,297.5024386018809,297.5024386018809,299.64768363636364,325.0963028181818,334.2469979090909,343.7051268690909,345.7918191818182,342.06558290909095,2,12529.53067536965,119.37931034482759,110.27586206896552,1.4827586206896552,29,319,True,True,0,qualified_runs_only,29,297.2227227523511,297.2227227523511,299.97562527272726,329.87961623636363,343.33688136363634,350.88282908727274,352.86266627272727,349.32724272727273,2,12198.284234575674,130.41379310344828,120.13793103448276,0.8620689655172413
N,12,T2,29,29,0.41379310344827586,0.0,5.564135833333353,37.44683661666662,46.56581058333336,27182920,-128.38717347110224,11.03448275862069,10.172413793103448,-0.3793103448275862,29,348,True,True,0,qualified_runs_only,29,273.1137747270115,273.1137747270115,276.89131308333333,313.58798726666663,320.9077036333333,338.52095084,344.37258775000004,333.923236125,2,12557.171311075359,118.48275862068965,108.65517241379311,1.6206896551724137,29,348,True,True,0,qualified_runs_only,29,276.3245632126437,276.3245632126437,273.68484666666666,321.69219075,325.13512726666664,327.01492494,327.04401633333333,326.99206741666666,2,12428.784137604258,129.51724137931035,118.82758620689656,1.2413793103448276
N,13,T2,29,29,0.5517241379310345,0.0,-1.9029403076923472,31.023312215384603,36.66574692307694,27182949,-330.09091607306306,12.89655172413793,11.379310344827585,0.034482758620689655,29,377,True,True,0,qualified_runs_only,29,267.3907471087533,267.3907471087533,263.8577963076923,296.3999967076923,312.3406760153846,323.45469415692304,325.4840998461538,321.8601611153846,2,13555.226148429332,117.62068965517241,106.03448275862068,1.9655172413793103,29,377,True,True,0,qualified_runs_only,29,268.1559266578249,268.1559266578249,260.2230846153846,298.4006310307692,302.96759513846155,305.66014436923075,306.0045759230769,305.3895195769231,2,13225.13523235627,130.51724137931035,117.41379310344827,2
N,14,T2,29,29,0.5862068965517241,0.0,-9.575770071428536,16.563953314285726,33.96014114285714,27182971,-795.5762783300512,10.241379310344827,9.10344827586207,-0.10344827586206896,29,406,True,True,0,qualified_runs_only,29,256.2820431009852,256.2820431009852,255.73694821428572,284.51835187142854,290.89820084285714,298.5085516085714,301.2950259285714,296.31917892857143,2,14176.81198223852,115.17241379310344,103.3103448275862,1.1379310344827587,29,406,True,True,0,qualified_runs_only,29,249.2023819778325,249.20238197783252,251.40866664285713,274.2939294428571,275.74529281428573,280.9672694428571,282.6462356428571,279.6480817142857,2,13381.235703908467,125.41379310344827,112.41379310344827,1.0344827586206897
N,15,T2,28,28,0.4642857142857143,0.0,0.5428662666666639,22.63822333000001,29.171920399999976,27182937,-201.9218850500638,9.714285714285714,9,0.35714285714285715,28,420,True,True,0,qualified_runs_only,28,242.15664535714285,242.15664535714285,240.50708236666668,264.8162173,270.57821336,279.1799802346667,281.72342206666667,277.0133446,2,14356.391258607553,115.5,103.85714285714286,1.5714285714285714,28,420,True,True,0,qualified_runs_only,28,243.37387736190476,243.37387736190476,244.25900946666667,268.99091304666666,274.93092791000004,281.8790909526667,283.48726446666666,280.5091653666667,2,14154.46937355749,125.21428571428571,112.85714285714286,1.9285714285714286
N,16,T2,28,28,0.5,0.0,-0.6349098437500089,19.376203537499983,21.634492312499987,27182826,-353.93707257187646,5.964285714285714,4.214285714285714,0.8928571428571429,28,448,True,True,0,qualified_runs_only,28,221.3086961919643,221.3086961919643,225.06192015624998,241.54551603125,243.10571682187498,252.90076716500002,256.2743508125,250.0269736875,2,14085.05283833495,108.71428571428571,95.96428571428571,1.4642857142857142,28,448,True,True,0,qualified_runs_only,28,219.17912564732143,219.17912564732143,224.38876771875,248.05313089375,252.74629943437498,256.989145150625,258.0189794375,256.11187890625,2,13731.115765763074,114.67857142857143,100.17857142857143,2.357142857142857
N,10,T4,28,28,0.4642857142857143,0.21428571428571427,0.0,14.858188199999974,19.221322799999996,27182918,-455.985443481714,12.5,10.25,-0.21428571428571427,28,280,True,True,0,qualified_runs_only,28,316.27109403928574,316.2710940392857,319.18067075,352.02534734,356.97606183,363.942387361,365.96988369999997,362.21526085,2,12039.62613092586,118.17857142857143,110.03571428571429,1.2857142857142858,28,280,True,True,0,qualified_runs_only,28,314.3620994607143,314.36209946071426,314.72170655,341.11014184,347.666917825,361.951022881,365.96988369999997,358.52754885,2,11583.640687444147,130.67857142857142,120.28571428571429,1.0714285714285714
N,11,T4,29,29,0.4827586206896552,0.06896551724137931,0.0,31.228331999999973,37.23596781818185,27182877,-304.5330107155371,10.862068965517242,9.620689655172415,-0.6551724137931034,29,319,True,True,0,qualified_runs_only,29,297.5024386018809,297.5024386018809,299.64768363636364,325.0963028181818,334.2469979090909,343.7051268690909,345.7918191818182,342.06558290909095,2,12529.53067536965,119.37931034482759,110.27586206896552,1.4827586206896552,29,319,True,True,0,qualified_runs_only,29,297.59870361442006,297.59870361442006,299.97562527272726,338.60237223636364,343.33688136363634,350.88282908727274,352.86266627272727,349.32724272727273,2,12224.997664654113,130.24137931034483,119.89655172413794,0.8275862068965517
N,12,T4,29,29,0.3793103448275862,0.13793103448275862,0.0,36.70102044999997,46.56581058333336,27182920,-178.61406422847503,9.793103448275861,9.172413793103448,-0.2413793103448276,29,348,True,True,0,qualified_runs_only,29,273.1137747270115,273.1137747270115,276.89131308333333,313.58798726666663,320.9077036333333,338.52095084,344.37258775000004,333.923236125,2,12557.171311075359,118.48275862068965,108.65517241379311,1.6206896551724137,29,348,True,True,0,qualified_runs_only,29,274.92135641091954,274.92135641091954,278.83947608333335,314.47796646666666,322.0599155833333,325.7514310766667,327.04401633333333,324.735828375,2,12378.557246846885,128.27586206896552,117.82758620689656,1.3793103448275863
N,13,T4,29,29,0.5172413793103449,0.034482758620689655,-1.5622440769230934,31.023312215384603,36.66574692307694,27182949,-311.17053266603216,12.413793103448276,10.96551724137931,0,29,377,True,True,0,qualified_runs_only,29,267.3907471087533,267.3907471087533,263.8577963076923,296.3999967076923,312.3406760153846,323.45469415692304,325.4840998461538,321.8601611153846,2,13555.226148429332,117.62068965517241,106.03448275862068,1.9655172413793103,29,377,True,True,0,qualified_runs_only,29,268.22154528912466,268.22154528912466,260.2230846153846,298.4006310307692,302.96759513846155,305.66014436923075,306.0045759230769,305.3895195769231,2,13244.0556157633,130.0344827586207,117,1.9655172413793103
N,14,T4,29,29,0.5862068965517241,0.034482758620689655,-9.575770071428536,16.563953314285726,33.96014114285714,27182971,-801.4048257615542,10.275862068965518,9.310344827586206,-0.13793103448275862,29,406,True,True,0,qualified_runs_only,29,256.2820431009852,256.2820431009852,255.73694821428572,284.51835187142854,290.89820084285714,298.5085516085714,301.2950259285714,296.31917892857143,2,14176.81198223852,115.17241379310344,103.3103448275862,1.1379310344827587,29,406,True,True,0,qualified_runs_only,29,249.13882144827588,249.13882144827588,251.40866664285713,272.89013334285715,275.69808735714287,280.9672694428571,282.6462356428571,279.6480817142857,2,13375.407156476966,125.44827586206897,112.62068965517241,1
N,15,T4,28,28,0.4642857142857143,0.03571428571428571,0.16456270000000472,22.63822333000001,29.171920399999976,27182937,-229.55759217686318,9.607142857142858,9.071428571428571,0.35714285714285715,28,420,True,True,0,qualified_runs_only,28,242.15664535714285,242.15664535714285,240.50708236666668,264.8162173,270.57821336,279.1799802346667,281.72342206666667,277.0133446,2,14356.391258607553,115.5,103.85714285714286,1.5714285714285714,28,420,True,True,0,qualified_runs_only,28,242.97444888571428,242.97444888571428,244.25900946666667,268.99091304666666,271.53285847333336,276.1195605006667,277.5310662666667,274.91716670000005,2,14126.83366643069,125.10714285714286,112.92857142857143,1.9285714285714286
N,16,T4,28,28,0.5,0.0,-0.6349098437500089,19.376203537499983,21.634492312499987,27182826,-353.93707257187646,5.964285714285714,4.214285714285714,0.8928571428571429,28,448,True,True,0,qualified_runs_only,28,221.3086961919643,221.3086961919643,225.06192015624998,241.54551603125,243.10571682187498,252.90076716500002,256.2743508125,250.0269736875,2,14085.05283833495,108.71428571428571,95.96428571428571,1.4642857142857142,28,448,True,True,0,qualified_runs_only,28,219.17912564732143,219.17912564732143,224.38876771875,248.05313089375,252.74629943437498,256.989145150625,258.0189794375,256.11187890625,2,13731.115765763074,114.67857142857143,100.17857142857143,2.357142857142857
N,10,T6,28,28,0.25,0.6071428571428571,0.0,4.311904469999995,11.49024529999997,27182911,-215.5961334962951,5.321428571428571,4.178571428571429,-0.2857142857142857,28,280,True,True,0,qualified_runs_only,28,316.27109403928574,316.2710940392857,319.18067075,352.02534734,356.97606183,363.942387361,365.96988369999997,362.21526085,2,12039.62613092586,118.17857142857143,110.03571428571429,1.2857142857142858,28,280,True,True,0,qualified_runs_only,28,314.9520285142857,314.9520285142857,317.63913909999997,352.02534734,356.97606183,363.942387361,365.96988369999997,362.21526085,2,11824.029997429567,123.5,114.21428571428571,1
N,11,T6,29,29,0.13793103448275862,0.5862068965517241,0.0,15.757605000000012,34.52107527272727,27182919,-92.77484454534527,5.172413793103448,4.862068965517241,-0.3448275862068966,29,319,True,True,0,qualified_runs_only,29,297.5024386018809,297.5024386018809,299.64768363636364,325.0963028181818,334.2469979090909,343.7051268690909,345.7918191818182,342.06558290909095,2,12529.53067536965,119.37931034482759,110.27586206896552,1.4827586206896552,29,319,True,True,0,qualified_runs_only,29,298.5146828119122,298.5146828119122,299.64768363636364,325.0963028181818,334.2469979090909,343.7051268690909,345.7918191818182,342.06558290909095,2,12436.755830824304,124.55172413793103,115.13793103448276,1.1379310344827587
N,12,T6,29,29,0.20689655172413793,0.4827586206896552,0.0,22.689853383333304,25.95732775000002,27182955,-34.50943617637213,5.0344827586206895,5.0344827586206895,-0.2413793103448276,29,348,True,True,0,qualified_runs_only,29,273.1137747270115,273.1137747270115,276.89131308333333,313.58798726666663,320.9077036333333,338.52095084,344.37258775000004,333.923236125,2,12557.171311075359,118.48275862068965,108.65517241379311,1.6206896551724137,29,348,True,True,0,qualified_runs_only,29,274.99551400287356,274.99551400287356,277.64484608333333,318.13227394999996,323.05538686666665,338.52095084,344.37258775000004,333.923236125,2,12522.661874898988,123.51724137931035,113.6896551724138,1.3793103448275863
N,13,T6,29,29,0.3103448275862069,0.41379310344827586,0.0,28.078483938461527,36.66574692307694,27182949,-170.03216889717774,7.379310344827586,6.310344827586207,0.2413793103448276,29,377,True,True,0,qualified_runs_only,29,267.3907471087533,267.3907471087533,263.8577963076923,296.3999967076923,312.3406760153846,323.45469415692304,325.4840998461538,321.8601611153846,2,13555.226148429332,117.62068965517241,106.03448275862068,1.9655172413793103,29,377,True,True,0,qualified_runs_only,29,268.15417793899206,268.15417793899206,262.44793623076924,300.9053056923077,312.3406760153846,323.45469415692304,325.4840998461538,321.8601611153846,2,13385.193979532156,125,112.34482758620689,2.206896551724138
N,14,T6,29,29,0.4827586206896552,0.27586206896551724,0.0,14.10338187142856,33.96014114285714,27182971,-603.0493714613067,7.896551724137931,7.137931034482759,-0.1724137931034483,29,406,True,True,0,qualified_runs_only,29,256.2820431009852,256.2820431009852,255.73694821428572,284.51835187142854,290.89820084285714,298.5085516085714,301.2950259285714,296.31917892857143,2,14176.81198223852,115.17241379310344,103.3103448275862,1.1379310344827587,29,406,True,True,0,qualified_runs_only,29,250.96015552463055,250.96015552463055,251.40866664285713,272.89013334285715,284.51412984285713,298.5085516085714,301.2950259285714,296.31917892857143,2,13573.762610777212,123.06896551724138,110.44827586206897,0.9655172413793104
N,15,T6,28,28,0.39285714285714285,0.21428571428571427,0.0,18.241075323333334,29.171920399999976,27182937,-279.54678022715495,8.214285714285714,6.964285714285714,0.35714285714285715,28,420,True,True,0,qualified_runs_only,28,242.15664535714285,242.15664535714285,240.50708236666668,264.8162173,270.57821336,279.1799802346667,281.72342206666667,277.0133446,2,14356.391258607553,115.5,103.85714285714286,1.5714285714285714,28,420,True,True,0,qualified_runs_only,28,241.70316446904764,241.70316446904764,244.1040976,260.46486799999997,268.73701379,279.1799802346667,281.72342206666667,277.0133446,2,14076.844478380397,123.71428571428571,110.82142857142857,1.9285714285714286
N,16,T6,28,28,0.39285714285714285,0.17857142857142858,0.0,15.573043062499973,21.634492312499987,27182826,-374.71647849371055,5.321428571428571,3.7857142857142856,0.6428571428571429,28,448,True,True,0,qualified_runs_only,28,221.3086961919643,221.3086961919643,225.06192015624998,241.54551603125,243.10571682187498,252.90076716500002,256.2743508125,250.0269736875,2,14085.05283833495,108.71428571428571,95.96428571428571,1.4642857142857142,28,448,True,True,0,qualified_runs_only,28,218.64482950223214,218.64482950223214,224.67368181249998,243.85715525,249.045413290625,255.86403282499998,258.0189794375,254.02833756249998,2,13710.33635984124,114.03571428571429,99.75,2.107142857142857
k0,1,T2,1,1,0.0,1.0,0.0,0.0,0.0,27182891,0.0,0,0,0,1,11,True,True,0,qualified_runs_only,1,345.7918191818182,345.7918191818182,345.7918191818182,345.7918191818182,345.7918191818182,345.7918191818182,345.7918191818182,345.7918191818182,1,15318.550053464784,115,110,0,1,11,True,True,0,qualified_runs_only,1,345.7918191818182,345.7918191818182,345.7918191818182,345.7918191818182,345.7918191818182,345.7918191818182,345.7918191818182,345.7918191818182,1,15318.550053464784,115,110,0
k0,2,T2,3,3,0.6666666666666666,0.0,-1.9029403076923472,38.9129553792308,43.448054900000045,27182848,-709.0186128027968,18.333333333333332,17,0.3333333333333333,3,33,True,True,0,qualified_runs_only,3,316.27916436363637,318.4445151230769,294.73800489999996,351.72350794,358.84669582,364.54524612399996,365.96988369999997,365.96988369999997,1,13457.02070628635,123,112.66666666666667,1.6666666666666667,3,33,True,True,0,qualified_runs_only,3,313.35761381818185,315.42110355384614,315.35453440000003,333.61975472,335.90290726,337.729429292,338.1860598,338.1860598,1,12748.002093483554,141.33333333333334,129.66666666666666,2
k0,3,T2,11,11,0.45454545454545453,0.0,1.843255357142823,21.437398416666625,27.821868166666633,27182983,-119.70075405128195,10.454545454545455,8.545454545454545,-0.6363636363636364,11,128,True,True,0,qualified_runs_only,11,300.1101364921875,303.330162915427,312.720376,339.97303320000003,345.52912360000005,349.97399592,351.085214,351.085214,1,13456.862487077524,124.72727272727273,114.63636363636364,1.4545454545454546,11,128,True,True,0,qualified_runs_only,11,303.115279796875,305.61091551001573,314.13108109999996,329.7278452,333.44179135,336.41294827,337.1557375,337.1557375,1,13337.161733026242,135.1818181818182,123.18181818181819,0.8181818181818182
k0,4,T2,22,22,0.7272727272727273,0.0,-9.926360000000045,24.170685625000008,32.91579892307692,27182914,-706.7152726861925,10.045454545454545,7.818181818181818,0.13636363636363635,22,273,True,True,0,qualified_runs_only,22,291.3033005604396,295.8372401875089,305.6124771363636,327.9606174163637,336.9914577809091,350.699389994,354.2189918,345.83898750000003,2,14148.818421638742,121.68181818181819,111.18181818181819,1.1363636363636365,22,273,True,True,0,qualified_runs_only,22,284.6236404908425,288.6711429407333,294.91520176923075,334.00981291818186,339.30890793,340.936051539,341.3186535,340.40769645,2,13442.10314895255,131.72727272727272,119,1.2727272727272727
k0,5,T2,42,42,0.4523809523809524,0.0,3.00039756547622,36.68863028181816,46.56581058333336,27182920,-223.02347156491604,13.214285714285714,12.5,-0.21428571428571427,42,518,True,True,0,qualified_runs_only,42,282.3280906756757,285.8222107564273,285.34461650000003,323.32049935,337.12560302,352.6845373975,358.460638,346.68557005,3,13594.041782326232,117.80952380952381,107.45238095238095,1.6904761904761905,42,518,True,True,0,qualified_runs_only,42,285.03002666409265,288.4915769398523,291.6329785944056,333.5008044933333,339.5651522445454,348.007492777909,352.86266627272727,344.5126402030303,3,13371.018310761316,131.02380952380952,119.95238095238095,1.4761904761904763
k0,6,T2,29,29,0.4827586206896552,0.0,1.010180062499984,27.16779852564101,29.171920399999976,27182937,-384.72026140469603,10.827586206896552,9.379310344827585,-0.3448275862068966,29,379,True,True,0,qualified_runs_only,29,265.87045550659633,269.3855176934949,267.37454206666666,314.1273012121212,321.5954814727273,322.97684569818176,323.16934299999997,322.8255978181818,2,13571.017695852112,116.75862068965517,105.82758620689656,1.8275862068965518,29,379,True,True,0,qualified_runs_only,29,264.76391852506595,268.2829166817181,266.4482116153846,301.47439692,317.84808384999997,326.78862719666665,328.48456649999997,325.4561034583333,2,13186.297434447415,127.58620689655173,115.20689655172414,1.4827586206896552
k0,7,T2,31,31,0.4838709677419355,0.0,1.7446286249999616,29.95873444642858,36.66574692307694,27182949,-317.72752643948814,10.129032258064516,9.129032258064516,0.06451612903225806,31,410,True,True,0,qualified_runs_only,31,257.62824998536587,261.35564454628206,261.33006890909087,295.2311232,323.12676135,325.46489583,326.2848348,324.91826985,2,13270.255240827588,115.90322580645162,104.16129032258064,1.1612903225806452,31,410,True,True,0,qualified_runs_only,31,257.35773616341464,260.81127520709435,255.2230964285714,299.97562527272726,310.93079975,326.5946947,328.7334325,325.1688695,2,12952.5277143881,126.03225806451613,113.29032258064517,1.2258064516129032
k0,8,T2,26,26,0.6153846153846154,0.0,-3.428058112499997,19.216281658974374,34.52107527272727,27182919,-592.4788755604889,12.26923076923077,11.038461538461538,-0.3076923076923077,26,345,True,True,0,qualified_runs_only,26,250.205348742029,251.86620115014983,250.88443302727273,270.57905093506497,285.4601643107143,292.01011005,292.6027785,291.41744159999996,2,12900.739484126327,113.03846153846153,102.46153846153847,1.9615384615384615,26,345,True,True,0,qualified_runs_only,26,246.66073960869568,248.7766124035647,243.7415214238095,280.70344251153847,288.9148053807693,300.79963105,304.534834,297.0644281,2,12308.260608565837,125.3076923076923,113.5,1.6538461538461537
k0,9,T2,18,18,0.4444444444444444,0.0,3.48220208333332,18.429611428333324,19.38678280000002,27182846,-486.5220921491227,11.666666666666666,9.166666666666666,0.2222222222222222,18,249,True,True,0,qualified_runs_only,18,235.69665795180723,236.97185429618298,234.84211970833334,259.23738702,266.6106797073077,272.5066732337692,273.9806716153846,273.9806716153846,1,12637.629952429865,111.77777777777777,101.38888888888889,1.1666666666666667,18,249,True,True,0,qualified_runs_only,18,233.5903144497992,235.5963596039412,238.98707325,260.24930638181814,263.66289891181816,274.17285034236363,276.8003382,276.8003382,1,12151.107860280743,123.44444444444444,110.55555555555556,1.3888888888888888
k0,10,T2,10,10,0.5,0.0,0.1813407812500003,21.19182205096152,27.919336615384594,27182823,22.37710163346619,3.1,2.4,0.3,10,140,True,True,0,qualified_runs_only,10,224.4219631,225.28198482356225,227.18190876602563,243.778499375,245.07303856250002,246.1086699125,246.36757775,246.36757775,1,11999.537416816385,112.9,103,1.5,10,140,True,True,0,qualified_runs_only,10,226.08449312142858,227.1984066037912,226.08850336160714,243.16119717307694,248.18435820192306,252.202887025,253.2075192307692,253.2075192307692,1,12021.914518449852,116,105.4,1.8
k0,11,T2,3,3,1.0,0.0,-11.740414749999985,-8.760719106249994,-8.429641812499995,27182861,-1339.8029664812948,9,6,3.3333333333333335,3,48,True,True,0,qualified_runs_only,3,230.43575341666667,230.43575341666667,235.5947500625,240.6023307125,241.22827829375,241.72903635875,241.854225875,241.854225875,1,14889.860273898392,106.33333333333333,95.33333333333333,0.6666666666666666,3,48,True,True,0,qualified_runs_only,3,217.50071635416666,217.50071635416666,216.9596954375,227.4829879875,228.79839955625002,229.85072881125,230.113811125,230.113811125,1,13550.057307417097,115.33333333333333,101.33333333333333,4
k0,12,T2,4,4,0.25,0.0,1.3301743750000128,6.798754603125008,7.732688625000009,27182840,-375.68614666997246,13,11.5,1,4,64,True,True,0,qualified_runs_only,4,185.98632420312498,185.98632420312498,185.25929534375,194.17493489999998,195.99764698124997,197.45581664624999,197.8203590625,197.8203590625,1,11693.90593660226,94.25,81.25,1.5,4,64,True,True,0,qualified_runs_only,4,186.258997375,186.258997375,186.58946971875002,188.1152321625,188.31662326875,188.47773615375002,188.518014375,188.518014375,1,11318.219789932287,107.25,92.75,2.5
k0,1,T4,1,1,0.0,1.0,0.0,0.0,0.0,27182891,0.0,0,0,0,1,11,True,True,0,qualified_runs_only,1,345.7918191818182,345.7918191818182,345.7918191818182,345.7918191818182,345.7918191818182,345.7918191818182,345.7918191818182,345.7918191818182,1,15318.550053464784,115,110,0,1,11,True,True,0,qualified_runs_only,1,345.7918191818182,345.7918191818182,345.7918191818182,345.7918191818182,345.7918191818182,345.7918191818182,345.7918191818182,345.7918191818182,1,15318.550053464784,115,110,0
k0,2,T4,3,3,0.0,1.0,0.0,0.0,0.0,27182809,0.0,0,0,0,3,33,True,True,0,qualified_runs_only,3,316.27916436363637,318.4445151230769,294.73800489999996,351.72350794,358.84669582,364.54524612399996,365.96988369999997,365.96988369999997,1,13457.02070628635,123,112.66666666666667,1.6666666666666667,3,33,True,True,0,qualified_runs_only,3,316.27916436363637,318.4445151230769,294.73800489999996,351.72350794,358.84669582,364.54524612399996,365.96988369999997,365.96988369999997,1,13457.02070628635,123,112.66666666666667,1.6666666666666667
k0,3,T4,11,11,0.0,1.0,0.0,0.0,0.0,27182850,0.0,0,0,0,11,128,True,True,0,qualified_runs_only,11,300.1101364921875,303.330162915427,312.720376,339.97303320000003,345.52912360000005,349.97399592,351.085214,351.085214,1,13456.862487077524,124.72727272727273,114.63636363636364,1.4545454545454546,11,128,True,True,0,qualified_runs_only,11,300.1101364921875,303.330162915427,312.720376,339.97303320000003,345.52912360000005,349.97399592,351.085214,351.085214,1,13456.862487077524,124.72727272727273,114.63636363636364,1.4545454545454546
k0,4,T4,22,22,0.7272727272727273,0.0,-9.926360000000045,24.170685625000008,32.91579892307692,27182914,-706.7152726861925,10.045454545454545,7.818181818181818,0.13636363636363635,22,273,True,True,0,qualified_runs_only,22,291.3033005604396,295.8372401875089,305.6124771363636,327.9606174163637,336.9914577809091,350.699389994,354.2189918,345.83898750000003,2,14148.818421638742,121.68181818181819,111.18181818181819,1.1363636363636365,22,273,True,True,0,qualified_runs_only,22,284.6236404908425,288.6711429407333,294.91520176923075,334.00981291818186,339.30890793,340.936051539,341.3186535,340.40769645,2,13442.10314895255,131.72727272727272,119,1.2727272727272727
k0,5,T4,42,42,0.4523809523809524,0.0,3.00039756547622,36.68863028181816,46.56581058333336,27182920,-223.02347156491604,13.214285714285714,12.5,-0.21428571428571427,42,518,True,True,0,qualified_runs_only,42,282.3280906756757,285.8222107564273,285.34461650000003,323.32049935,337.12560302,352.6845373975,358.460638,346.68557005,3,13594.041782326232,117.80952380952381,107.45238095238095,1.6904761904761905,42,518,True,True,0,qualified_runs_only,42,285.03002666409265,288.4915769398523,291.6329785944056,333.5008044933333,339.5651522445454,348.007492777909,352.86266627272727,344.5126402030303,3,13371.018310761316,131.02380952380952,119.95238095238095,1.4761904761904763
k0,6,T4,29,29,0.4827586206896552,0.0,1.010180062499984,27.16779852564101,29.171920399999976,27182937,-384.72026140469603,10.827586206896552,9.379310344827585,-0.3448275862068966,29,379,True,True,0,qualified_runs_only,29,265.87045550659633,269.3855176934949,267.37454206666666,314.1273012121212,321.5954814727273,322.97684569818176,323.16934299999997,322.8255978181818,2,13571.017695852112,116.75862068965517,105.82758620689656,1.8275862068965518,29,379,True,True,0,qualified_runs_only,29,264.76391852506595,268.2829166817181,266.4482116153846,301.47439692,317.84808384999997,326.78862719666665,328.48456649999997,325.4561034583333,2,13186.297434447415,127.58620689655173,115.20689655172414,1.4827586206896552
k0,7,T4,31,31,0.4838709677419355,0.0,1.7446286249999616,29.95873444642858,36.66574692307694,27182949,-317.72752643948814,10.129032258064516,9.129032258064516,0.06451612903225806,31,410,True,True,0,qualified_runs_only,31,257.62824998536587,261.35564454628206,261.33006890909087,295.2311232,323.12676135,325.46489583,326.2848348,324.91826985,2,13270.255240827588,115.90322580645162,104.16129032258064,1.1612903225806452,31,410,True,True,0,qualified_runs_only,31,257.35773616341464,260.81127520709435,255.2230964285714,299.97562527272726,310.93079975,326.5946947,328.7334325,325.1688695,2,12952.5277143881,126.03225806451613,113.29032258064517,1.2258064516129032
k0,8,T4,26,26,0.6153846153846154,0.0,-3.428058112499997,19.216281658974374,34.52107527272727,27182919,-592.4788755604889,12.26923076923077,11.038461538461538,-0.3076923076923077,26,345,True,True,0,qualified_runs_only,26,250.205348742029,251.86620115014983,250.88443302727273,270.57905093506497,285.4601643107143,292.01011005,292.6027785,291.41744159999996,2,12900.739484126327,113.03846153846153,102.46153846153847,1.9615384615384615,26,345,True,True,0,qualified_runs_only,26,246.66073960869568,248.7766124035647,243.7415214238095,280.70344251153847,288.9148053807693,300.79963105,304.534834,297.0644281,2,12308.260608565837,125.3076923076923,113.5,1.6538461538461537
k0,9,T4,18,18,0.4444444444444444,0.0,3.48220208333332,18.429611428333324,19.38678280000002,27182846,-486.5220921491227,11.666666666666666,9.166666666666666,0.2222222222222222,18,249,True,True,0,qualified_runs_only,18,235.69665795180723,236.97185429618298,234.84211970833334,259.23738702,266.6106797073077,272.5066732337692,273.9806716153846,273.9806716153846,1,12637.629952429865,111.77777777777777,101.38888888888889,1.1666666666666667,18,249,True,True,0,qualified_runs_only,18,233.5903144497992,235.5963596039412,238.98707325,260.24930638181814,263.66289891181816,274.17285034236363,276.8003382,276.8003382,1,12151.107860280743,123.44444444444444,110.55555555555556,1.3888888888888888
k0,10,T4,10,10,0.5,0.0,0.1813407812500003,21.19182205096152,27.919336615384594,27182823,22.37710163346619,3.1,2.4,0.3,10,140,True,True,0,qualified_runs_only,10,224.4219631,225.28198482356225,227.18190876602563,243.778499375,245.07303856250002,246.1086699125,246.36757775,246.36757775,1,11999.537416816385,112.9,103,1.5,10,140,True,True,0,qualified_runs_only,10,226.08449312142858,227.1984066037912,226.08850336160714,243.16119717307694,248.18435820192306,252.202887025,253.2075192307692,253.2075192307692,1,12021.914518449852,116,105.4,1.8
k0,11,T4,3,3,1.0,0.0,-11.740414749999985,-8.760719106249994,-8.429641812499995,27182861,-1339.8029664812948,9,6,3.3333333333333335,3,48,True,True,0,qualified_runs_only,3,230.43575341666667,230.43575341666667,235.5947500625,240.6023307125,241.22827829375,241.72903635875,241.854225875,241.854225875,1,14889.860273898392,106.33333333333333,95.33333333333333,0.6666666666666666,3,48,True,True,0,qualified_runs_only,3,217.50071635416666,217.50071635416666,216.9596954375,227.4829879875,228.79839955625002,229.85072881125,230.113811125,230.113811125,1,13550.057307417097,115.33333333333333,101.33333333333333,4
k0,12,T4,4,4,0.25,0.0,1.3301743750000128,6.798754603125008,7.732688625000009,27182840,-375.68614666997246,13,11.5,1,4,64,True,True,0,qualified_runs_only,4,185.98632420312498,185.98632420312498,185.25929534375,194.17493489999998,195.99764698124997,197.45581664624999,197.8203590625,197.8203590625,1,11693.90593660226,94.25,81.25,1.5,4,64,True,True,0,qualified_runs_only,4,186.258997375,186.258997375,186.58946971875002,188.1152321625,188.31662326875,188.47773615375002,188.518014375,188.518014375,1,11318.219789932287,107.25,92.75,2.5
k0,1,T6,1,1,0.0,1.0,0.0,0.0,0.0,27182891,0.0,0,0,0,1,11,True,True,0,qualified_runs_only,1,345.7918191818182,345.7918191818182,345.7918191818182,345.7918191818182,345.7918191818182,345.7918191818182,345.7918191818182,345.7918191818182,1,15318.550053464784,115,110,0,1,11,True,True,0,qualified_runs_only,1,345.7918191818182,345.7918191818182,345.7918191818182,345.7918191818182,345.7918191818182,345.7918191818182,345.7918191818182,345.7918191818182,1,15318.550053464784,115,110,0
k0,2,T6,3,3,0.0,1.0,0.0,0.0,0.0,27182809,0.0,0,0,0,3,33,True,True,0,qualified_runs_only,3,316.27916436363637,318.4445151230769,294.73800489999996,351.72350794,358.84669582,364.54524612399996,365.96988369999997,365.96988369999997,1,13457.02070628635,123,112.66666666666667,1.6666666666666667,3,33,True,True,0,qualified_runs_only,3,316.27916436363637,318.4445151230769,294.73800489999996,351.72350794,358.84669582,364.54524612399996,365.96988369999997,365.96988369999997,1,13457.02070628635,123,112.66666666666667,1.6666666666666667
k0,3,T6,11,11,0.0,1.0,0.0,0.0,0.0,27182850,0.0,0,0,0,11,128,True,True,0,qualified_runs_only,11,300.1101364921875,303.330162915427,312.720376,339.97303320000003,345.52912360000005,349.97399592,351.085214,351.085214,1,13456.862487077524,124.72727272727273,114.63636363636364,1.4545454545454546,11,128,True,True,0,qualified_runs_only,11,300.1101364921875,303.330162915427,312.720376,339.97303320000003,345.52912360000005,349.97399592,351.085214,351.085214,1,13456.862487077524,124.72727272727273,114.63636363636364,1.4545454545454546
k0,4,T6,22,22,0.0,1.0,0.0,0.0,0.0,27182806,0.0,0,0,0,22,273,True,True,0,qualified_runs_only,22,291.3033005604396,295.8372401875089,305.6124771363636,327.9606174163637,336.9914577809091,350.699389994,354.2189918,345.83898750000003,2,14148.818421638742,121.68181818181819,111.18181818181819,1.1363636363636365,22,273,True,True,0,qualified_runs_only,22,291.3033005604396,295.8372401875089,305.6124771363636,327.9606174163637,336.9914577809091,350.699389994,354.2189918,345.83898750000003,2,14148.818421638742,121.68181818181819,111.18181818181819,1.1363636363636365
k0,5,T6,42,42,0.0,1.0,0.0,0.0,0.0,27182800,0.0,0,0,0,42,518,True,True,0,qualified_runs_only,42,282.3280906756757,285.8222107564273,285.34461650000003,323.32049935,337.12560302,352.6845373975,358.460638,346.68557005,3,13594.041782326232,117.80952380952381,107.45238095238095,1.6904761904761905,42,518,True,True,0,qualified_runs_only,42,282.3280906756757,285.8222107564273,285.34461650000003,323.32049935,337.12560302,352.6845373975,358.460638,346.68557005,3,13594.041782326232,117.80952380952381,107.45238095238095,1.6904761904761905
k0,6,T6,29,29,0.4827586206896552,0.0,1.010180062499984,27.16779852564101,29.171920399999976,27182937,-384.72026140469603,10.827586206896552,9.379310344827585,-0.3448275862068966,29,379,True,True,0,qualified_runs_only,29,265.87045550659633,269.3855176934949,267.37454206666666,314.1273012121212,321.5954814727273,322.97684569818176,323.16934299999997,322.8255978181818,2,13571.017695852112,116.75862068965517,105.82758620689656,1.8275862068965518,29,379,True,True,0,qualified_runs_only,29,264.76391852506595,268.2829166817181,266.4482116153846,301.47439692,317.84808384999997,326.78862719666665,328.48456649999997,325.4561034583333,2,13186.297434447415,127.58620689655173,115.20689655172414,1.4827586206896552
k0,7,T6,31,31,0.4838709677419355,0.0,1.7446286249999616,29.95873444642858,36.66574692307694,27182949,-317.72752643948814,10.129032258064516,9.129032258064516,0.06451612903225806,31,410,True,True,0,qualified_runs_only,31,257.62824998536587,261.35564454628206,261.33006890909087,295.2311232,323.12676135,325.46489583,326.2848348,324.91826985,2,13270.255240827588,115.90322580645162,104.16129032258064,1.1612903225806452,31,410,True,True,0,qualified_runs_only,31,257.35773616341464,260.81127520709435,255.2230964285714,299.97562527272726,310.93079975,326.5946947,328.7334325,325.1688695,2,12952.5277143881,126.03225806451613,113.29032258064517,1.2258064516129032
k0,8,T6,26,26,0.6153846153846154,0.0,-3.428058112499997,19.216281658974374,34.52107527272727,27182919,-592.4788755604889,12.26923076923077,11.038461538461538,-0.3076923076923077,26,345,True,True,0,qualified_runs_only,26,250.205348742029,251.86620115014983,250.88443302727273,270.57905093506497,285.4601643107143,292.01011005,292.6027785,291.41744159999996,2,12900.739484126327,113.03846153846153,102.46153846153847,1.9615384615384615,26,345,True,True,0,qualified_runs_only,26,246.66073960869568,248.7766124035647,243.7415214238095,280.70344251153847,288.9148053807693,300.79963105,304.534834,297.0644281,2,12308.260608565837,125.3076923076923,113.5,1.6538461538461537
k0,9,T6,18,18,0.4444444444444444,0.0,3.48220208333332,18.429611428333324,19.38678280000002,27182846,-486.5220921491227,11.666666666666666,9.166666666666666,0.2222222222222222,18,249,True,True,0,qualified_runs_only,18,235.69665795180723,236.97185429618298,234.84211970833334,259.23738702,266.6106797073077,272.5066732337692,273.9806716153846,273.9806716153846,1,12637.629952429865,111.77777777777777,101.38888888888889,1.1666666666666667,18,249,True,True,0,qualified_runs_only,18,233.5903144497992,235.5963596039412,238.98707325,260.24930638181814,263.66289891181816,274.17285034236363,276.8003382,276.8003382,1,12151.107860280743,123.44444444444444,110.55555555555556,1.3888888888888888
k0,10,T6,10,10,0.5,0.0,0.1813407812500003,21.19182205096152,27.919336615384594,27182823,22.37710163346619,3.1,2.4,0.3,10,140,True,True,0,qualified_runs_only,10,224.4219631,225.28198482356225,227.18190876602563,243.778499375,245.07303856250002,246.1086699125,246.36757775,246.36757775,1,11999.537416816385,112.9,103,1.5,10,140,True,True,0,qualified_runs_only,10,226.08449312142858,227.1984066037912,226.08850336160714,243.16119717307694,248.18435820192306,252.202887025,253.2075192307692,253.2075192307692,1,12021.914518449852,116,105.4,1.8
k0,11,T6,3,3,1.0,0.0,-11.740414749999985,-8.760719106249994,-8.429641812499995,27182861,-1339.8029664812948,9,6,3.3333333333333335,3,48,True,True,0,qualified_runs_only,3,230.43575341666667,230.43575341666667,235.5947500625,240.6023307125,241.22827829375,241.72903635875,241.854225875,241.854225875,1,14889.860273898392,106.33333333333333,95.33333333333333,0.6666666666666666,3,48,True,True,0,qualified_runs_only,3,217.50071635416666,217.50071635416666,216.9596954375,227.4829879875,228.79839955625002,229.85072881125,230.113811125,230.113811125,1,13550.057307417097,115.33333333333333,101.33333333333333,4
k0,12,T6,4,4,0.25,0.0,1.3301743750000128,6.798754603125008,7.732688625000009,27182840,-375.68614666997246,13,11.5,1,4,64,True,True,0,qualified_runs_only,4,185.98632420312498,185.98632420312498,185.25929534375,194.17493489999998,195.99764698124997,197.45581664624999,197.8203590625,197.8203590625,1,11693.90593660226,94.25,81.25,1.5,4,64,True,True,0,qualified_runs_only,4,186.258997375,186.258997375,186.58946971875002,188.1152321625,188.31662326875,188.47773615375002,188.518014375,188.518014375,1,11318.219789932287,107.25,92.75,2.5
chosen_template,6,T2,1,1,0.0,1.0,0.0,0.0,0.0,27182891,0.0,0,0,0,1,11,True,True,0,qualified_runs_only,1,345.7918191818182,345.7918191818182,345.7918191818182,345.7918191818182,345.7918191818182,345.7918191818182,345.7918191818182,345.7918191818182,1,15318.550053464784,115,110,0,1,11,True,True,0,qualified_runs_only,1,345.7918191818182,345.7918191818182,345.7918191818182,345.7918191818182,345.7918191818182,345.7918191818182,345.7918191818182,345.7918191818182,1,15318.550053464784,115,110,0
chosen_template,7,T2,199,199,0.5226130653266332,0.0,-1.097511299999951,27.94586116923075,46.56581058333336,27182920,-396.1063202572942,11.120603015075377,9.733668341708542,-0.035175879396984924,199,2587,True,True,0,qualified_runs_only,199,263.0104274998067,267.44326371815816,263.59154607692307,322.52584566909087,328.8242130163636,354.3038247240001,365.96988369999997,346.23680194863636,10,13316.05467197549,116.1859296482412,105.4572864321608,1.5125628140703518,199,2587,True,True,0,qualified_runs_only,199,261.9342653270197,266.4281280029921,261.42861335714286,321.52752396666665,330.17688322,341.026737176,352.86266627272727,339.7521473009091,10,12919.948351718196,127.30653266331659,115.19095477386935,1.4773869346733668
chosen_template,6,T4,15,15,0.0,1.0,0.0,0.0,0.0,27182809,0.0,0,0,0,15,172,True,True,0,qualified_runs_only,15,306.1338366627907,309.18381044138306,312.720376,348.9678560727273,355.55061491,363.88602994199994,365.96988369999997,365.96988369999997,1,13581.006635345106,123.73333333333333,113.93333333333334,1.4,15,172,True,True,0,qualified_runs_only,15,306.1338366627907,309.18381044138306,312.720376,348.9678560727273,355.55061491,363.88602994199994,365.96988369999997,365.96988369999997,1,13581.006635345106,123.73333333333333,113.93333333333334,1.4
chosen_template,7,T4,185,185,0.5243243243243243,0.0,-1.1638695999999982,27.59331271048946,46.56581058333336,27182920,-407.4669924228598,11.043243243243243,9.686486486486487,-0.005405405405405406,185,2426,True,True,0,qualified_runs_only,185,260.32838666405604,264.4824007701327,260.7460079090909,319.86707591636366,325.2559318405594,345.948012398,358.460638,337.35078522143357,10,13305.396379710328,115.56756756756756,104.7945945945946,1.5135135135135136,185,2426,True,True,0,qualified_runs_only,185,259.06198983140973,263.30385995310115,258.1122285384615,310.7421183454545,328.19645646666663,341.068439508,352.86266627272727,337.9397674709091,10,12897.929387287468,126.6108108108108,114.48108108108109,1.508108108108108
chosen_template,6,T6,79,79,0.0,1.0,0.0,0.0,0.0,27182800,0.0,0,0,0,79,963,True,True,0,qualified_runs_only,79,289.12437375804774,293.04695306982137,291.34333192857144,337.63505588727276,346.32115866363637,360.112672054,365.96988369999997,357.433681875,4,13746.0615147333,120.0126582278481,109.72151898734177,1.481012658227848,79,963,True,True,0,qualified_runs_only,79,289.12437375804774,293.04695306982137,291.34333192857144,337.63505588727276,346.32115866363637,360.112672054,365.96988369999997,357.433681875,4,13746.0615147333,120.0126582278481,109.72151898734177,1.481012658227848
chosen_template,7,T6,121,121,0.512396694214876,0.0,-0.0947179090909458,25.95732775000002,36.66574692307694,27182949,-417.079932176912,10.47107438016529,9.049586776859504,0.04132231404958678,121,1635,True,True,0,qualified_runs_only,121,248.18649175779817,251.37431410396204,249.09020575,291.78257981818183,312.59264533333334,323.47523252,326.2848348,321.5783033138528,7,13051.855951344269,113.67768595041322,102.7107438016529,1.5206611570247934,121,1635,True,True,0,qualified_runs_only,121,246.56671539143733,249.94878276986603,246.9328682,294.2944127,300.257293,327.2731812833333,328.7334325,316.71726027380953,7,12634.776019167357,124.14876033057851,111.7603305785124,1.56198347107438
rotation,0,T2,11,11,0.36363636363636365,0.0,4.548027187499997,24.57480488461539,32.91579892307692,27182914,-221.34744485363578,8.727272727272727,9.181818181818182,-0.18181818181818182,11,149,True,True,0,qualified_runs_only,11,255.87163959060405,257.18849268451737,262.44793623076924,287.009519,289.1764254642857,290.9099506357143,291.34333192857144,291.34333192857144,1,13556.306500338,115.45454545454545,104.72727272727273,1.6363636363636365,11,149,True,True,0,qualified_runs_only,11,256.462482704698,258.07378894766634,254.1049104,292.57365483333336,293.9686949935898,295.0847271217949,295.36373515384616,295.36373515384616,1,13334.959055484363,124.18181818181819,113.9090909090909,1.4545454545454546
rotation,5,T2,18,18,0.5555555555555556,0.0,-2.0926265166666838,30.633459529166615,46.56581058333336,27182920,-394.26363643261124,13.833333333333334,11.11111111111111,-0.5555555555555556,18,222,True,True,0,qualified_runs_only,18,281.2295077657658,284.663421139131,279.17392125,337.7230922309091,339.24433280340907,343.34693676068184,344.37258775000004,344.37258775000004,1,13569.152978680555,116.05555555555556,107.05555555555556,1.8888888888888888,18,222,True,True,0,qualified_runs_only,18,281.20991726576574,284.99952324120164,286.7364297159091,330.37887037,334.44650809,335.48138961800004,335.74011,335.74011,1,13174.889342247945,129.88888888888889,118.16666666666667,1.3333333333333333
rotation,10,T2,18,18,0.4444444444444444,0.0,5.788069808333347,24.57704261250001,25.64262308333332,27182969,-279.76314986944544,11,9.444444444444445,-0.16666666666666666,18,243,True,True,0,qualified_runs_only,18,260.94765932098767,263.5341332015614,266.2111073391608,291.57654409675325,301.62537550851647,303.1229602709341,303.49735646153846,303.49735646153846,1,13768.411449703384,117.94444444444444,107.05555555555556,1.6111111111111112,18,243,True,True,0,qualified_runs_only,18,261.5396455925926,264.8450562684452,273.8165829,297.2096019151515,301.62609383181814,309.1082179663636,310.978749,310.978749,1,13488.648299833938,128.94444444444446,116.5,1.4444444444444444
rotation,15,T2,20,20,0.75,0.0,-9.737058500000003,34.12393247662338,37.23596781818185,27182877,-677.5558830617741,10.85,10.1,0,20,265,True,True,0,qualified_runs_only,20,263.51577999622646,268.77984124669956,266.5778068104396,322.1803556818182,324.9872710472727,334.77624172945457,337.2234844,337.2234844,1,13723.170424540827,114.75,102.75,1.4,20,265,True,True,0,qualified_runs_only,20,258.1451251584906,263.38976535448944,260.0015053076923,310.85064210727273,316.91390962363636,345.672914942909,352.86266627272727,352.86266627272727,1,13045.614541479054,125.6,112.85,1.4
rotation,20,T2,21,21,0.6190476190476191,0.0,-4.484249312499998,21.634492312499987,27.919336615384594,27182823,-600.6972349273582,7.9523809523809526,7,0.047619047619047616,21,279,True,True,0,qualified_runs_only,21,260.33403544802866,264.515759931928,258.05940864285714,297.9287475,299.64768363636364,318.39435920000005,323.0810280909091,311.3643558636364,2,13469.570449800909,117.66666666666667,106.47619047619048,1.1904761904761905,21,279,True,True,0,qualified_runs_only,21,254.82174731899642,258.7182898915733,255.01541033333334,299.00785,300.896017,310.49891838181816,312.8996437272727,306.89783036363633,2,12868.87321487355,125.61904761904762,113.47619047619048,1.2380952380952381
rotation,25,T2,11,11,0.36363636363636365,0.0,5.315223500000002,24.250732874999997,25.95732775000002,27182955,-157.7869314928071,13.727272727272727,12.454545454545455,-0.9090909090909091,11,145,True,True,0,qualified_runs_only,11,258.9951120551724,262.04272650156435,255.73694821428572,301.1978931818182,312.1836180909091,320.9721980181818,323.16934299999997,323.16934299999997,1,13304.223294885473,115.45454545454545,104.27272727272727,1.9090909090909092,11,145,True,True,0,qualified_runs_only,11,262.5459310344828,265.75928668408596,257.7516925,323.74203118181816,326.11329884090907,328.0103129681818,328.48456649999997,328.48456649999997,1,13146.436363392666,129.1818181818182,116.72727272727273,1
rotation,30,T2,17,17,0.6470588235294118,0.0,-8.429641812499995,27.807276215384608,36.66574692307694,27182949,-624.413572253647,14.588235294117647,12.470588235294118,0.7058823529411765,17,222,True,True,0,qualified_runs_only,17,256.55794017117114,261.4877391291331,263.59154607692307,310.9539067090909,321.81774460363636,336.3419754807273,339.97303320000003,339.97303320000003,1,13060.547858444768,112.94117647058823,102.58823529411765,1.8823529411764706,17,222,True,True,0,qualified_runs_only,17,253.6975521261261,258.32124298061524,247.14119346666666,303.65767827272725,312.9521739854545,326.3727109570909,329.7278452,329.7278452,1,12436.134286191122,127.52941176470588,115.05882352941177,2.588235294117647
rotation,35,T2,23,23,0.6521739130434783,0.0,-2.7068550769230626,17.96929116166664,18.260698833333322,27182801,-682.395751921658,8.652173913043478,6,-0.08695652173913043,23,303,True,True,0,qualified_runs_only,23,257.49359020792076,263.81728165650185,251.95115326666667,323.31947116,325.2830783115384,357.06301125215384,365.96988369999997,345.72699177307686,2,13187.512572686659,115.78260869565217,105.47826086956522,1.4782608695652173,23,303,True,True,0,qualified_runs_only,23,250.8532586732673,256.71445690761664,246.9328682,315.10984374000003,320.97932929,324.899675928,325.8291391,323.7167228,2,12505.116820765,124.43478260869566,111.47826086956522,1.391304347826087
rotation,40,T2,24,24,0.375,0.0,2.6369718571428677,26.864912250769212,43.863482250000004,27182885,123.98786947548085,6.625,7.083333333333333,0.20833333333333334,24,306,True,True,0,qualified_runs_only,24,259.47061430065355,263.6149113563043,255.81512838461538,311.7209212545455,333.01586698909085,347.446761844,351.085214,343.1755354,2,12733.95999421293,117.79166666666667,105.25,1.1666666666666667,24,306,True,True,0,qualified_runs_only,24,264.61813642483656,268.63155219758005,267.95234486904764,318.0719211433333,334.80862612499993,337.704200261,337.8680268,337.51188215,2,12857.94786368841,124.41666666666667,112.33333333333333,1.375
rotation,45,T2,22,22,0.5,0.045454545454545456,-4.370482699999997,34.10948236363636,43.448054900000045,27182848,-513.9803564838686,14.545454545454545,12.727272727272727,0.2727272727272727,22,265,True,True,0,qualified_runs_only,22,276.36828489056603,281.8466269530549,275.99889916363634,344.0234847454546,353.79763316909094,357.569892298,358.460638,356.3398149,2,12900.817158347227,115.68181818181819,106.36363636363636,1.2727272727272727,22,265,True,True,0,qualified_runs_only,22,274.99653557358494,280.3412533856072,277.7888508,339.63870111272723,340.95246444681817,344.7899008906364,345.7918191818182,343.4062994409091,2,12386.836801863357,130.22727272727272,119.0909090909091,1.5454545454545454
rotation,50,T2,15,15,0.26666666666666666,0.0,10.557638800000007,21.06279321923077,21.8636511666667,27182948,-114.29638969999687,13.933333333333334,12,-0.26666666666666666,15,199,True,True,0,qualified_runs_only,15,264.38385354271355,267.8000945065426,265.31009290000003,313.5619277636364,317.8750438309091,324.8789294061818,326.6299008,326.6299008,1,13704.795618098597,117.53333333333333,107.73333333333333,1.6,15,199,True,True,0,qualified_runs_only,15,268.75626977386935,272.94567780470527,272.9963294166667,325.13512726666664,331.253679,339.30565859999996,341.3186535,341.3186535,1,13590.4992283986,131.46666666666667,119.73333333333333,1.3333333333333333
rotation,0,T4,12,12,0.3333333333333333,0.08333333333333333,2.7791036249999905,23.740705480769225,32.91579892307692,27182914,-202.90182444916613,8,8.416666666666666,-0.16666666666666666,12,159,True,True,0,qualified_runs_only,12,261.85991471069184,265.0132194608076,263.1528662692308,290.9099506357143,318.2271788607143,344.5136069721429,351.085214,351.085214,1,13553.219350398951,116.5,105.5,1.5833333333333333,12,159,True,True,0,qualified_runs_only,12,262.4135978805032,265.82474103536083,257.72471883636365,295.0847271217949,320.43840063461533,344.9558513269231,351.085214,351.085214,1,13350.317525949784,124.5,113.91666666666667,1.4166666666666667
rotation,5,T4,17,17,0.5294117647058824,0.058823529411764705,-1.7188732000000186,28.380932270512798,46.56581058333336,27182920,-486.25694560437165,14.764705882352942,12,-0.47058823529411764,17,211,True,True,0,qualified_runs_only,17,280.72354628909954,284.0621429530193,280.47820575,330.75449416000004,338.84170411,343.26641102200006,344.37258775000004,344.37258775000004,1,13670.19654899683,115.23529411764706,106.17647058823529,1.9411764705882353,17,211,True,True,0,qualified_runs_only,17,279.6890741848341,283.4228144042313,287.61709625,330.92734966,334.52260232,335.496608464,335.74011,335.74011,1,13183.939603392459,130,118.17647058823529,1.4705882352941178
rotation,10,T4,19,19,0.42105263157894735,0.10526315789473684,0.0,24.51436140833334,25.64262308333332,27182969,-305.995390266026,10.210526315789474,8.842105263157896,-0.21052631578947367,19,252,True,True,0,qualified_runs_only,19,267.53991289285716,271.94486280514747,271.09214576923074,310.46575449650345,341.1024003427272,360.9963870285454,365.96988369999997,365.96988369999997,1,13900.015276865193,117.89473684210526,107.42105263157895,1.736842105263158,19,252,True,True,0,qualified_runs_only,19,267.3939506706349,272.3945305176339,277.5310662666667,316.4508685272727,341.1024003427272,360.9963870285454,365.96988369999997,365.96988369999997,1,13594.019886599166,128.10526315789474,116.26315789473684,1.5263157894736843
rotation,15,T4,20,20,0.75,0.0,-9.737058500000003,34.12393247662338,37.23596781818185,27182877,-677.5558830617741,10.85,10.1,0,20,265,True,True,0,qualified_runs_only,20,263.51577999622646,268.77984124669956,266.5778068104396,322.1803556818182,324.9872710472727,334.77624172945457,337.2234844,337.2234844,1,13723.170424540827,114.75,102.75,1.4,20,265,True,True,0,qualified_runs_only,20,258.1451251584906,263.38976535448944,260.0015053076923,310.85064210727273,316.91390962363636,345.672914942909,352.86266627272727,352.86266627272727,1,13045.614541479054,125.6,112.85,1.4
rotation,20,T4,22,22,0.5454545454545454,0.09090909090909091,-2.7104799062500007,20.997221046874976,27.919336615384594,27182823,-548.4523097577558,6.954545454545454,6.136363636363637,0,22,291,True,True,0,qualified_runs_only,22,261.4382706082474,265.98186853339047,263.24019250000003,299.47579002272727,318.12029604181816,322.2434453398182,323.0810280909091,321.08678344545456,2,13462.16744247998,117.81818181818181,106.77272727272727,1.2272727272727273,22,291,True,True,0,qualified_runs_only,22,256.2383044089347,260.5344171452197,255.1192533809524,300.70720029999995,312.29946239090907,317.79203083472726,319.0925388,315.99609126363634,2,12913.715132722224,124.77272727272727,112.9090909090909,1.2272727272727273
rotation,25,T4,12,12,0.3333333333333333,0.08333333333333333,4.052666250000016,24.080073387499993,25.95732775000002,27182955,-144.6380205350732,12.583333333333334,11.416666666666666,-0.8333333333333334,12,159,True,True,0,qualified_runs_only,12,260.1881914339623,262.91792304310064,257.4148110714286,299.3871352422078,311.0850456,320.75248352,323.16934299999997,323.16934299999997,1,13433.30101605784,116.75,105.58333333333333,1.75,12,159,True,True,0,qualified_runs_only,12,263.42635968553463,266.32476987707884,261.61543684090907,319.0328208422078,325.876172075,327.962887615,328.48456649999997,328.48456649999997,1,13288.662995522767,129.33333333333334,117,0.9166666666666666
rotation,30,T4,15,15,0.6,0.0,-8.214503750000006,28.914585053846146,36.66574692307694,27182949,-525.9119201306281,13.666666666666666,11.466666666666667,1,15,200,True,True,0,qualified_runs_only,15,250.42163143999997,254.400090477462,260.7460079090909,302.8831345272727,309.89973741818176,315.80308544727274,317.27892245454547,317.27892245454547,1,13029.44209631166,111.93333333333334,101.33333333333333,1.8,15,200,True,True,0,qualified_runs_only,15,248.742952635,252.58784351469725,242.80879361538462,299.3289620153846,302.80758195454547,307.5681213363636,308.7582561818182,308.7582561818182,1,12503.530176181033,125.6,112.8,2.8
rotation,35,T4,21,21,0.6190476190476191,0.047619047619047616,-2.7068550769230626,18.175508749999977,18.260698833333322,27182801,-564.8400823047892,6.666666666666667,4.285714285714286,0.19047619047619047,21,285,True,True,0,qualified_runs_only,21,251.85390416491228,256.23970896664486,243.490824,322.70181779999996,323.4738845,325.082056776923,325.4840998461538,324.4789921730769,2,13329.13397335353,115.14285714285714,104.47619047619048,1.380952380952381,21,285,True,True,0,qualified_runs_only,21,246.34398015438597,250.56372048929444,246.16864484615385,304.77446323076924,312.720376,319.8275204,321.6043065,317.16234125,2,12764.293891048741,121.80952380952381,108.76190476190476,1.5714285714285714
rotation,40,T4,25,25,0.32,0.08,2.602170000000001,26.4250222830769,43.863482250000004,27182885,151.48730771225564,6.24,6.6,0.16,25,320,True,True,0,qualified_runs_only,25,256.90364498125,260.10027486871877,253.11283623076923,291.4024738509091,314.5692557454545,331.66587310254545,335.2658568,327.7658907636364,2,12619.03327801148,118.2,105.96,1.2,25,320,True,True,0,qualified_runs_only,25,262.261259153125,265.4734291363435,267.0010536666667,303.0431493836364,319.2173902066666,333.94169916799996,337.8680268,329.6881775666667,2,12770.520585723736,124.44,112.56,1.36
rotation,45,T4,22,22,0.5,0.09090909090909091,-4.370482699999997,25.987286132517454,34.52107527272727,27182919,-591.8168448830457,13.954545454545455,11.909090909090908,0.13636363636363635,22,265,True,True,0,qualified_runs_only,22,276.36828489056603,281.8466269530549,275.99889916363634,344.0234847454546,353.79763316909094,357.569892298,358.460638,356.3398149,2,12900.817158347227,115.68181818181819,106.36363636363636,1.2727272727272727,22,265,True,True,0,qualified_runs_only,22,273.3569863320755,278.36634179924357,277.7888508,339.63870111272723,340.95246444681817,344.7899008906364,345.7918191818182,343.4062994409091,2,12309.000313464181,129.63636363636363,118.27272727272727,1.4090909090909092
rotation,50,T4,13,13,0.3076923076923077,0.07692307692307693,9.834995083333297,21.177201497435902,21.8636511666667,27182948,-194.65062055405025,13.307692307692308,12,-0.23076923076923078,13,168,True,True,0,qualified_runs_only,13,264.04340760714285,269.1850555896005,251.13267825,324.12851309454544,331.96715376,338.37185731200003,339.97303320000003,339.97303320000003,1,13285.881722038212,115.76923076923077,106.3076923076923,1.7692307692307692,13,168,True,True,0,qualified_runs_only,13,267.05476704166665,273.02634438052075,266.4482116153846,336.46395464333335,340.51128132,341.157179064,341.3186535,341.3186535,1,13091.23110148416,129.07692307692307,118.3076923076923,1.5384615384615385
rotation,55,T4,2,2,0.0,1.0,0.0,0.0,0.0,27182809,0.0,0,0,0,2,23,True,True,0,qualified_runs_only,2,303.2325639565217,304.52360003461536,304.52360003461536,312.4419546469231,313.43174897346154,314.2235844346923,314.4215433,314.4215433,1,13443.372427411523,124.5,114,1.5,2,23,True,True,0,qualified_runs_only,2,303.2325639565217,304.52360003461536,304.52360003461536,312.4419546469231,313.43174897346154,314.2235844346923,314.4215433,314.4215433,1,13443.372427411523,124.5,114,1.5
rotation,0,T6,14,14,0.21428571428571427,0.5,0.0,8.822231893181804,10.894806499999987,27182845,-70.67927482836967,1.2142857142857142,1.9285714285714286,0.21428571428571427,14,184,True,True,0,qualified_runs_only,14,258.60942192391303,262.6827682439932,262.75493818333337,298.08821969727273,318.6584554681818,344.5998622936363,351.085214,351.085214,1,13130.762012811989,119.07142857142857,107.57142857142857,1.3571428571428572,14,184,True,True,0,qualified_runs_only,14,258.1914764402174,262.2292996219985,257.72471883636365,298.08821969727273,318.6584554681818,344.5998622936363,351.085214,351.085214,1,13060.08273798362,120.28571428571429,109.5,1.5714285714285714
rotation,5,T6,13,13,0.46153846153846156,0.3076923076923077,0.0,5.368142419999982,9.74745949999999,27182997,-605.9764249222374,11.076923076923077,8.923076923076923,-0.38461538461538464,13,164,True,True,0,qualified_runs_only,13,276.8780004756098,280.7693043141061,277.86963675,324.88162838,326.4228612,326.58849288,326.6299008,326.6299008,1,13698.45849147465,115.84615384615384,106.07692307692308,1.6153846153846154,13,164,True,True,0,qualified_runs_only,13,272.27715471951217,276.4048521918072,285.8557631818182,325.15768118,327.47131348,328.481008696,328.7334325,328.7334325,1,13092.482066552413,126.92307692307692,115,1.2307692307692308
rotation,10,T6,18,18,0.2777777777777778,0.5,0.0,19.049985148863648,25.64262308333332,27182969,-271.67119024911466,6.277777777777778,4.722222222222222,0.05555555555555555,18,230,True,True,0,qualified_runs_only,18,276.50996289565217,283.35088480434797,281.1777987275641,344.3757340454546,359.587024855,364.693311931,365.96988369999997,365.96988369999997,1,13852.30318587286,117.22222222222223,107.88888888888889,1.6111111111111112,18,230,True,True,0,qualified_runs_only,18,275.09684862608697,282.81930538404214,283.19314680681816,344.3757340454546,359.587024855,364.693311931,365.96988369999997,365.96988369999997,1,13580.631995623744,123.5,112.61111111111111,1.6666666666666667
rotation,15,T6,20,20,0.45,0.35,0.0,29.411331437142838,33.96014114285714,27182971,-422.6639411547937,6.4,5.65,0.05,20,266,True,True,0,qualified_runs_only,20,259.048644943609,262.0601160394684,266.4387372307692,291.4692765857143,295.19126896250003,334.53632399249994,344.37258775000004,344.37258775000004,1,13479.484888567396,114.85,104.2,1.5,20,266,True,True,0,qualified_runs_only,20,255.534901462406,258.7646406192281,260.0015053076923,289.7689531728572,293.9947947196429,334.2970291439285,344.37258775000004,344.37258775000004,1,13056.820947412602,121.25,109.85,1.55
rotation,20,T6,22,22,0.22727272727272727,0.45454545454545453,0.0,20.890285221874976,27.919336615384594,27182823,-216.0434697419868,5.818181818181818,5.590909090909091,0,22,294,True,True,0,qualified_runs_only,22,261.2683087414966,264.76751377644,261.1876084230769,303.11238917902097,306.5752358912587,316.4979238565454,319.0925388,312.9148841727273,2,13725.4279021663,114.36363636363636,103.13636363636364,1.5454545454545454,22,294,True,True,0,qualified_runs_only,22,260.6302432040816,264.14336194018045,261.1876084230769,303.11238917902097,306.5752358912587,316.4979238565454,319.0925388,312.9148841727273,2,13509.384432424315,120.18181818181819,108.72727272727273,1.5454545454545454
rotation,25,T6,14,14,0.2857142857142857,0.5,0.0,12.539959987500001,25.95732775000002,27182955,-451.83820052724644,8.5,7.714285714285714,-0.6428571428571429,14,174,True,True,0,qualified_runs_only,14,277.5218327586207,279.4903802871664,272.44444599999997,322.80055,324.8980391363636,327.46638768181816,328.10847481818183,328.10847481818183,1,13479.21389265322,116,105.85714285714286,1.7857142857142858,14,174,True,True,0,qualified_runs_only,14,274.13593068390804,276.8219145791732,270.11083937499995,326.2579422727273,328.2401069068182,328.4356745813636,328.48456649999997,328.48456649999997,1,13027.375692125974,124.5,113.57142857142857,1.1428571428571428
rotation,30,T6,14,14,0.2857142857142857,0.35714285714285715,0.0,21.263059185576935,36.66574692307694,27182949,-189.5613694856073,8.285714285714286,6.928571428571429,0.8571428571428571,14,190,True,True,0,qualified_runs_only,14,246.35766795263157,250.41410377452667,250.1501807767857,295.27158280000003,302.7941349409091,311.25103302454545,313.36525754545454,313.36525754545454,1,13106.770325884057,110.14285714285714,98.78571428571429,1.5714285714285714,14,190,True,True,0,qualified_runs_only,14,247.31676355789475,251.47681826067176,244.5930663166667,299.3107027,304.8450805909091,311.66122215454544,313.36525754545454,313.36525754545454,1,12917.20895639845,118.42857142857143,105.71428571428571,2.4285714285714284
rotation,35,T6,25,25,0.4,0.32,0.0,17.763073573333305,18.260698833333322,27182801,-243.47602420605332,4.2,2.44,-0.04,25,332,True,True,0,qualified_runs_only,25,250.53382822289157,255.61589593424858,251.95115326666667,314.46416947272724,321.286793930909,322.99001762109094,323.0810280909091,322.89142294545456,2,12831.046194173778,116.88,106.24,1.28,25,332,True,True,0,qualified_runs_only,25,248.6230447319277,253.8196290578896,246.9328682,314.46416947272724,320.4087848909091,322.7266149090909,323.0810280909091,322.3426672954546,2,12587.570169967725,121.08,108.68,1.24
rotation,40,T6,25,25,0.32,0.32,0.0,18.335082756666676,28.18458215384615,27182858,-13.0333109656327,4.84,4.8,-0.08,25,330,True,True,0,qualified_runs_only,25,256.8361301909091,259.25304338003747,253.11283623076923,297.4900474844156,313.20759670571425,319.2866802487273,320.26592472727276,318.2258320636364,2,13125.58459205913,118.08,105.24,1.16,25,330,True,True,0,qualified_runs_only,25,258.8174436515152,261.0417744329149,254.9652588,292.1915949090909,299.54150412467527,312.6119681668571,316.1857394,308.7403826642857,2,13112.551281093496,122.92,110.04,1.08
rotation,45,T6,21,21,0.2857142857142857,0.38095238095238093,0.0,20.250597923076953,34.52107527272727,27182919,-337.7965013357994,9.19047619047619,8.619047619047619,0.3333333333333333,21,251,True,True,0,qualified_runs_only,21,279.09982127888446,284.8884618178778,290.2321047,337.2234844,345.7918191818182,352.5335572763637,354.2189918,350.0054054909091,2,12938.108367102905,115.71428571428571,105.80952380952381,1.380952380952381,21,251,True,True,0,qualified_runs_only,21,278.09685193227097,283.7323412951878,294.73800489999996,337.2234844,345.7918191818182,352.5335572763637,354.2189918,350.0054054909091,2,12600.311865767106,124.9047619047619,114.42857142857143,1.7142857142857142
rotation,50,T6,10,10,0.2,0.2,8.962124774999978,17.087115529395575,20.71956838461537,27182991,-101.70979523925489,8.3,6.4,-0.2,10,135,True,True,0,qualified_runs_only,10,254.60165321481483,259.1718583717079,246.22654948205127,315.33068412,327.65185866,337.50879829200005,339.97303320000003,339.97303320000003,1,13330.611591603732,118,109,1.5,10,135,True,True,0,qualified_runs_only,10,256.5985451333333,261.8472452626694,253.11118842142855,324.18217969499995,332.0776064475,338.3939478495,339.97303320000003,339.97303320000003,1,13228.901796364478,126.3,115.4,1.3
rotation,55,T6,4,4,0.0,1.0,0.0,0.0,0.0,27182809,0.0,0,0,0,4,48,True,True,0,qualified_runs_only,4,300.98454960416666,302.06887390833333,304.52360003461536,316.2673656233333,316.6628989783333,316.97932566233334,317.0584323333333,317.0584323333333,1,14071.572975697007,122.5,113,4,4,48,True,True,0,qualified_runs_only,4,300.98454960416666,302.06887390833333,304.52360003461536,316.2673656233333,316.6628989783333,316.97932566233334,317.0584323333333,317.0584323333333,1,14071.572975697007,122.5,113,4
