seed,strategy,N,k0,all_cleared,qualified_run,time_per_source_s,recovery_ray_m,supplement_count,b1plus_updates,b1plus_empty,chosen_template,movement_per_source_m,wall_s,case_sha256,action_log_sha256,movement_m,measurements,switches,clear_attempts,clear_successes,clear_failures,transport_retries,virtual_time_s
52001300,E11,11,2,True,True,348.3720120909091,70.0,7,0,0,6,1406.8600606257623,0.9073488000001362,29974c95af0c373b22e91e636008b7dbeeb184544a9db3f8c12a6cfe8fee0cc7,9399af24fcbeb751805cc392c6de94ed13b8f3237d68e87d066158ca317afdff,15475.460666883386,114,106,13,11,2,0,3832.092133
52001300,O,11,2,True,True,310.8656188181818,0.0,9,40,0,6,1172.9644577290028,0.6886984000000211,29974c95af0c373b22e91e636008b7dbeeb184544a9db3f8c12a6cfe8fee0cc7,99031c489045d5265a8faf1944b499ee7bc13ef0aa1f08a675922b0fcddb1137,12902.60903501903,133,119,11,11,0,0,3419.521807
52001300,Q,11,2,True,True,307.572517,34.9999999999999,7,42,0,6,1168.77167582769,0.7694364000001315,29974c95af0c373b22e91e636008b7dbeeb184544a9db3f8c12a6cfe8fee0cc7,b1cec0fac94eb826c030766566c76f2551bab4bfdac8cf5d8ae45eadb09ed7db,12856.488434104589,128,114,12,11,1,0,3383.297687
52001301,E11,12,8,True,True,287.2767089166667,34.99999999999997,4,0,0,6,1118.4668780175216,2.1829850000001443,e1498f85984f46525588241bb120cda3191b0f90d0718cc3db84c410e943081f,c5c45bac551dc6a9f97e4517db470b04e8b25bea77f666cd7778fae05b8cc127,13421.60253621026,118,110,13,12,1,0,3447.320507
52001301,O,12,8,True,True,238.78034,70.00000000000003,4,43,0,6,900.5683667795573,0.6599995999999919,e1498f85984f46525588241bb120cda3191b0f90d0718cc3db84c410e943081f,36ff85ceffe788f055a285f538a1e040d38076a9e6afe68dbbcaf1ffd880d3d4,10806.820401354687,108,98,14,12,2,0,2865.36408
52001301,Q,12,8,True,True,240.61007491666666,70.00000000000003,4,42,0,6,911.8003744538076,0.6997442000001683,e1498f85984f46525588241bb120cda3191b0f90d0718cc3db84c410e943081f,1158a54c7ca05aedc069a3a891477fd7903772ebdad82d6d42e36b08a57e3ba6,10941.604493445691,107,98,14,12,2,0,2887.320899
52001302,E11,13,8,True,True,265.00237184615384,35.000000000000036,4,0,0,6,1028.0887821310384,1.821324400000094,eae439cea10602c54c0caacb711e5bbb05446e7a81df617d7278e26fc7aa601d,f0b0553be1b14c6f19e3ea7a1897bf99dceb34a7d82e5fe6dfe8cf962b0a50e3,13365.1541677035,120,104,14,13,1,0,3445.030834
52001302,O,13,8,True,True,236.37484376923078,69.99999999999991,4,59,0,6,877.6434496625649,0.9726608000000851,eae439cea10602c54c0caacb711e5bbb05446e7a81df617d7278e26fc7aa601d,de653aa6b06f489afc60e85d795ecbf5a111e001e7c8787c00eee59b9a2564d1,11409.364845613343,122,110,15,13,2,0,3072.872969
52001302,Q,13,8,True,True,236.37484376923078,69.99999999999991,4,59,0,6,877.6434496625649,1.0785481000000345,eae439cea10602c54c0caacb711e5bbb05446e7a81df617d7278e26fc7aa601d,f10ad9a66917505fab2ce7a8afd1ca1d528e07bcb04949dd8de764b3a27d5fdf,11409.364845613343,122,110,15,13,2,0,3072.872969
52001303,E11,14,6,True,True,265.0050885714286,104.99999999999994,7,0,0,6,1056.4540142273925,2.7972031000001607,9cc6190cb0b989aeb7389ae68bc28a1c3a3fc7318d0c8c76a5c59206371afd4e,e2758d35921632801e390d5d21cb33f6b902d05b65d12600b325eb6a3d6ed17d,14790.356199183494,114,103,17,14,3,0,3710.07124
52001303,O,14,6,True,True,252.0315062142857,0.0,10,48,0,6,987.3003883896929,0.7735288999999739,9cc6190cb0b989aeb7389ae68bc28a1c3a3fc7318d0c8c76a5c59206371afd4e,83eac4411e74b11f370e7bfdda3fb536f2a06b6b20149978791e93e73942e17d,13822.205437455701,117,109,14,14,0,0,3528.441087
52001303,Q,14,6,True,True,255.69330692857145,34.99999999999992,10,49,0,6,1002.7522490327162,0.8153912000000219,9cc6190cb0b989aeb7389ae68bc28a1c3a3fc7318d0c8c76a5c59206371afd4e,d13dfa1bf1028f64aa902b467312d79c3b3ee3135cf248cb321caebcb0dd4b94,14038.531486458027,118,109,15,14,1,0,3579.706297
52001306,E11,10,7,True,True,295.8875363,34.999999999999964,4,0,0,6,1093.937681451191,1.845305499999995,5d5e10bd7c3e02fde9e4628cf1903597a1346f69c4f5848054dc649df8422d39,4c21843e4f53c8363822219531d24bd9ed65af8a28f5bebc61d34958c725ef6c,10939.37681451191,121,113,11,10,1,0,2958.875363
52001306,O,10,7,True,True,287.1657006,0.0,5,31,0,6,1079.3285028670402,0.4593105999999807,5d5e10bd7c3e02fde9e4628cf1903597a1346f69c4f5848054dc649df8422d39,10f2c660cefb32db2bae0f96cb1d29880c6bad681f0fb23c74120b8fd767f766,10793.285028670403,112,103,10,10,0,0,2871.657006
52001306,Q,10,7,True,True,291.1126732,35.00000000000002,5,32,0,6,1095.0633658644174,0.4460068999999294,5d5e10bd7c3e02fde9e4628cf1903597a1346f69c4f5848054dc649df8422d39,5cb63d3d14e145ee11ed0791e962265252a0ce8be8afe1ae7b26cd938581cc25,10950.633658644174,113,103,11,10,1,0,2911.126732
52001307,E11,11,5,True,True,326.499959,0.0,5,0,0,6,1303.8634312640302,1.7168601000000763,2c9a9e47146f3788cc8133ee8d73d2b8b9b4eb5fd70575f5b28473fe022dc6b4,efc391152a53652eeda01ebccb7f34943e796bed2e5cb0ba615022aec8fb205f,14342.497743904332,113,103,11,11,0,0,3591.499549
52001307,O,11,5,True,True,300.14834790909094,34.9999999999999,5,33,0,6,1177.1053758035853,0.4309928000000127,2c9a9e47146f3788cc8133ee8d73d2b8b9b4eb5fd70575f5b28473fe022dc6b4,7fa5dfac4aab6c5c57fdbc4207fa6caa7f1bcc94b6bdb5176501ea5f74d4b888,12948.159133839437,110,104,12,11,1,0,3301.631827
52001307,Q,11,5,True,True,299.8473482727273,34.9999999999999,5,33,0,6,1175.6003776737257,0.4747187999998914,2c9a9e47146f3788cc8133ee8d73d2b8b9b4eb5fd70575f5b28473fe022dc6b4,a56fd0987e7c6a73455f678457f3152da2b7ab530a7acc2971639eb8c8d847a8,12931.604154410983,110,104,12,11,1,0,3298.320831
52001305,E11,16,9,True,True,207.7916315625,0.0,3,0,0,6,804.2706579531937,3.3993637999999464,63748b80dda1fd9855e76fd5012e219ce70d1bfca6707f90118a0d888713291f,637bf26c937b33c1877355d9764d8c44d3508fe8bdeca6f6b2142a75ac1be2b5,12868.330527251099,114,101,16,16,0,0,3324.666105
52001305,O,16,9,True,True,192.57360525,0.0,8,56,0,6,764.1180263269553,0.8334102999999686,63748b80dda1fd9855e76fd5012e219ce70d1bfca6707f90118a0d888713291f,2dd72d3f38c93e61324c6a23871ae765baf88898ea3dd1fb2a2db25ccb9fa6c8,12225.888421231284,95,81,16,16,0,0,3081.177684
52001305,Q,16,9,True,True,186.15797825,34.99999999999996,6,66,0,6,731.4148912254178,1.0596164000000954,63748b80dda1fd9855e76fd5012e219ce70d1bfca6707f90118a0d888713291f,10a68e5ac5d4868385155da5ed9097afd6586745449e7c5169ff7cc9e1773498,11702.638259606685,94,85,17,16,1,0,2978.527652
52001304,E11,15,12,True,True,225.8201764,0.0,5,0,0,6,862.1008820448086,3.666561500000171,3be09d9409adea39cd3054fea7bd5d60da5a9979d865fbbb96ccd2b847d7152c,fb0a66d26f0b8bb4210e2eac203b6d0d06428681700e77e27b9c5b19a04c801f,12931.51323067213,123,111,15,15,0,0,3387.302646
52001304,O,15,12,True,True,226.80094193333335,34.999999999999936,4,87,0,6,849.6713763115018,1.7338614999998754,3be09d9409adea39cd3054fea7bd5d60da5a9979d865fbbb96ccd2b847d7152c,4c5524e2b314b35e9a4410bf2cab4f443b7c881630408331290d30891ad6eb6c,12745.070644672527,131,120,16,15,1,0,3402.014129
52001304,Q,15,12,True,True,208.24174413333333,34.99999999999999,3,67,0,6,795.5420540493542,1.201663900000085,3be09d9409adea39cd3054fea7bd5d60da5a9979d865fbbb96ccd2b847d7152c,b522c29f1b291620b20d4b336692e7ceb9c53e98f83149d1d2eac9312736bb33,11933.130810740313,111,104,16,15,1,0,3123.626162
52001308,E11,12,5,True,True,305.932384,104.99999999999996,5,0,0,6,1203.8285865816395,1.6937841999999819,7a291b2aaafb1f4e0abdc70eb1d9bcd4add2480367d53de4a0f204919a857333,67cfe855366bea6e95cc4e9cdf7865e97bb11a0566297ee215f971c682aa5114,14445.943038979674,120,113,15,12,3,0,3671.188608
52001308,O,12,5,True,True,255.59743966666667,70.00000000000003,6,42,0,6,975.9038651798437,0.6519410999999309,7a291b2aaafb1f4e0abdc70eb1d9bcd4add2480367d53de4a0f204919a857333,461a091ffcc17a2aeb826fc5350d873e0fc7edc7ea1c7aa48b47509fd134ab32,11710.846382158124,112,99,14,12,2,0,3067.169276
52001308,Q,12,5,True,True,255.59743966666667,70.00000000000003,6,42,0,6,975.9038651798437,0.7058769000000211,7a291b2aaafb1f4e0abdc70eb1d9bcd4add2480367d53de4a0f204919a857333,0582c32cba2a2a4a2fb362c1fc940357a1b4f8c1890af9f800b535f7c8bcc69d,11710.846382158124,112,99,14,12,2,0,3067.169276
52001309,E11,13,7,True,True,239.47700223076922,34.999999999999936,5,0,0,6,889.3080881096383,1.8884347000000616,3c2b92b1640f10dfa16b3566afbbc9ac82e5b17a86b047da950681f1d197b560,674f0459f678455a07c78984aa5ddcf7c08b9f51dd4cf29bae07ce34da3b2d8a,11561.005145425299,124,113,14,13,1,0,3113.201029
52001309,O,13,7,True,True,250.1379806153846,69.99999999999994,6,55,0,6,958.3822106748078,1.1326418999999532,3c2b92b1640f10dfa16b3566afbbc9ac82e5b17a86b047da950681f1d197b560,8e8f01db907004c9fe08d51c5325e717b9c4928fd182fa3417c410b965acd7a3,12458.9687387725,117,104,15,13,2,0,3251.793748
52001309,Q,13,7,True,True,250.1379806153846,69.99999999999994,6,55,0,6,958.3822106748078,1.2056830999999875,3c2b92b1640f10dfa16b3566afbbc9ac82e5b17a86b047da950681f1d197b560,0d07ec67fba43267f2a7ad788c16b51ec5fc4e1f9b7197c7ee551686c810b58c,12458.9687387725,117,104,15,13,2,0,3251.793748
52001310,E11,14,2,True,True,279.47162442857143,35.000000000000064,7,0,0,6,1108.0724077249458,1.4710179999999582,213d4cbe57beba880ea39c65ef18fa996f1dd8f62862a2fbca36798962a49a2a,73aac66567e42f49404155efc7991547247206773e47f023c8dca53e40064acd,15513.013708149243,125,112,15,14,1,0,3912.602742
52001310,O,14,2,True,True,243.13747092857145,70.00000000000009,7,57,0,6,893.9016403302845,1.0507764999999836,213d4cbe57beba880ea39c65ef18fa996f1dd8f62862a2fbca36798962a49a2a,38eba8650ade43f59519527409f5af51aff83a85180dbbd97f8380fdc0474e37,12514.622964623983,140,125,16,14,2,0,3403.924593
52001310,Q,14,2,True,True,241.38336685714285,35.00000000000002,7,56,0,6,887.6311198396795,1.0815778999999566,213d4cbe57beba880ea39c65ef18fa996f1dd8f62862a2fbca36798962a49a2a,3a1111426a603fac292160c510de86197600d4284ca4600dcea5d49201599833,12426.835677755513,139,126,15,14,1,0,3379.367136
52001313,E11,10,3,True,True,323.04111750000004,0.0,4,0,0,6,1194.7055876091595,0.4652078999999958,2fa7e1994fc496a03126ae8a8011d3eb8db92f477305bc8052972fdfdc0fe86f,7fc8566fd5bdb399cf55253a73e686440e1f3f9284a778e88c3831e0c6fe7261,11947.055876091596,133,126,10,10,0,0,3230.411175
52001313,O,10,3,True,True,288.01400920000003,0.0,5,30,0,6,1027.0700460841103,0.45730150000008507,2fa7e1994fc496a03126ae8a8011d3eb8db92f477305bc8052972fdfdc0fe86f,6d0707f9aa54828634abe17a7bacec1844546b7d8f5d8b0e7943d9ecbe232e7c,10270.700460841103,131,121,10,10,0,0,2880.140092
52001313,Q,10,3,True,True,287.2911254,0.0,5,29,0,6,1024.9556269176687,0.47598279999988335,2fa7e1994fc496a03126ae8a8011d3eb8db92f477305bc8052972fdfdc0fe86f,7db8d533c5ede6591e2fe1abd37b35696dd3cacd1198e271b922941a9b97f8e7,10249.556269176688,130,123,10,10,0,0,2872.911254
52001311,E11,15,6,True,True,249.09652,0.0,6,0,0,6,981.149266551702,2.334582500000124,631af5594faf0bfbea3ace6750899c421de02277a8eb56a04c60f0bb000a7c01,ff6b2f1e6ba9323972f3081f67f4361fa070830b0a5a7c1586af0bc1fd89b608,14717.23899827553,123,103,15,15,0,0,3736.4478
52001311,O,15,6,True,True,235.914736,69.99999999999994,9,46,0,6,948.9070134068515,0.7340266000001066,631af5594faf0bfbea3ace6750899c421de02277a8eb56a04c60f0bb000a7c01,b1f8322d9fae102136821bdb0f8a3235bba5bce11337eb80846cb182fceafdbb,14233.605201102773,104,91,17,15,2,0,3538.72104
52001311,Q,15,6,True,True,229.29520466666665,105.00000000000003,9,47,0,6,913.4760232158993,0.7696220999998786,631af5594faf0bfbea3ace6750899c421de02277a8eb56a04c60f0bb000a7c01,c751ee96ecd17d7caf0062ec058fd56318e3f7ca119fad4d950b2b53e03d7864,13702.14034823849,105,90,18,15,3,0,3439.42807
52001314,E11,11,4,True,True,316.5586042727273,69.99999999999999,5,0,0,6,1224.156657558076,1.3940373000000363,21875500c1735fe745e46e75538cc940381eb319703b9ce1415638bb9fe94ceb,f66859ebbb093bfb3e212595ed51bc128aeaa017a3e72a2b23b9705342710eec,13465.723233138835,123,113,13,11,2,0,3482.144647
52001314,O,11,4,True,True,275.6128529090909,0.0,5,35,0,6,1048.5188097998862,0.5586069999999381,21875500c1735fe745e46e75538cc940381eb319703b9ce1415638bb9fe94ceb,5b8d74039e97f5ee889ddf1aeefad67b90fbab3a3473f326c174130a2a958bf8,11533.706907798747,114,100,11,11,0,0,3031.741382
52001314,Q,11,4,True,True,271.8395670909091,0.0,4,36,0,6,1027.3796537157398,0.6175220000000081,21875500c1735fe745e46e75538cc940381eb319703b9ce1415638bb9fe94ceb,50d7eb4af2b848e43aabd1e3732b1cbcf0fca35e2c5f308d577763626093fe48,11301.176190873139,115,100,11,11,0,0,2990.235238
52001312,E11,16,8,True,True,253.167593,70.0,8,0,0,6,1032.0879649442832,4.154591499999924,38b494bc84bb1823812271950a31ac05220f0c68162fea48d839a1f6bac98706,0813d5b5ccb2e841f01779d302037b29482ad8a5a0065619df23c9e9edff6f1b,16513.40743910853,113,97,18,16,2,0,4050.681488
52001312,O,16,8,True,True,219.1998909375,35.00000000000001,7,67,0,6,884.7494546458022,1.237664900000027,38b494bc84bb1823812271950a31ac05220f0c68162fea48d839a1f6bac98706,ca40ac8ab18605a01215177fe0d7ddf5d1f07ee940e051ebb69d6c674b660dd8,14155.991274332835,100,93,17,16,1,0,3507.198255
52001312,Q,16,8,True,True,232.3285375,0.0,11,58,0,6,930.3926875844428,0.9821884000000409,38b494bc84bb1823812271950a31ac05220f0c68162fea48d839a1f6bac98706,de0f99e94ccb13bc9ce2298ae4bc65467e0cb0fdc91fe98463a55b2494bd686c,14886.283001351085,112,100,16,16,0,0,3717.2566
52001316,E11,13,7,True,True,249.42323930769228,0.0,4,0,0,6,962.8854274629061,2.127320900000086,2877d09cfe10a0915547c1bc580675ae21cfa0caa14c0bad1e0cf31189e98d52,62ecf0e3229ca7d2081ad5b8c9b4608478416d4020b2ba4b24befdc755b89ea7,12517.51055701778,114,104,13,13,0,0,3242.502111
52001316,O,13,7,True,True,252.52550107692306,0.0,4,48,0,6,983.3967362875854,0.7988745000000108,2877d09cfe10a0915547c1bc580675ae21cfa0caa14c0bad1e0cf31189e98d52,d45dca5bc82a9a7de26635c859aa7f03a0c4f242119bd30bfc74f9edab7aef20,12784.157571738611,112,101,13,13,0,0,3282.831514
52001316,Q,13,7,True,True,253.6257132307692,35.000000000000014,4,47,0,6,990.051643067048,0.7708360999999968,2877d09cfe10a0915547c1bc580675ae21cfa0caa14c0bad1e0cf31189e98d52,682444f055f4227ff2403795ce89561abf5f36ae154c5031dfddbb2a9a9458cc,12870.671359871623,111,100,14,13,1,0,3297.134272
52001315,E11,12,8,True,True,251.65080650000002,70.00000000000014,3,0,0,6,952.4206992583769,2.8183696999999484,e2a782f963bd5b15cfb008b5b751c89944861463c7e6e841c4e408a0badcb5a0,26eb2600bde0d5ad3d96e9f86d10576bad2485324881d5748c62c4c700de44ec,11429.048391100523,113,103,14,12,2,0,3019.809678
52001315,O,12,8,True,True,251.724973,35.000000000000085,6,48,0,6,939.8748651310029,0.896800100000064,e2a782f963bd5b15cfb008b5b751c89944861463c7e6e841c4e408a0badcb5a0,9922364f55af1bd4f4161077bede69fe4538269a961d348460d1cfec4bb24320,11278.498381572035,118,112,13,12,1,0,3020.699676
52001315,Q,12,8,True,True,250.57993724999997,0.0,6,47,0,6,937.4830196535469,0.9122864999999365,e2a782f963bd5b15cfb008b5b751c89944861463c7e6e841c4e408a0badcb5a0,6199a69e59a0c3d9db79bb551f9619b50cae9dc4b7ee46f2e5b5f258e59a314c,11249.796235842563,117,112,12,12,0,0,3006.959247
52001317,E11,14,8,True,True,235.9084475,34.99999999999989,4,0,0,6,906.3279519253182,2.7860233999999764,4d19069fd2191aae5289d01c2246c4f96faabbe8942b8e9bc37ab3363160248c,98b1c3f347a7dd4dab7ae72435097ecaf27d015d70ba84657ec8f75f452edee9,12688.591326954454,117,107,15,14,1,0,3302.718265
52001317,O,14,8,True,True,245.73284035714283,70.00000000000003,7,56,0,6,955.4499159080302,0.9757716999999957,4d19069fd2191aae5289d01c2246c4f96faabbe8942b8e9bc37ab3363160248c,d133576b55e3e94381aa0d220d3b9d3a603429107ddbaaf6d004f945ad3eea9a,13376.298822712422,116,109,16,14,2,0,3440.259765
52001317,Q,14,8,True,True,244.56186135714285,70.00000000000003,5,58,0,6,944.9521640521913,1.089989800000012,4d19069fd2191aae5289d01c2246c4f96faabbe8942b8e9bc37ab3363160248c,b83c4e063ea8044f2f144d00765e7b0af61405be217111a44fc556ba011db3f2,13229.330296730677,118,112,16,14,2,0,3423.866059
52001318,E11,15,6,True,True,256.1859556,34.99999999999995,6,0,0,6,1018.2631114026192,1.9327003000000786,97eb37784f949af0b32807fdccfc85d6249f3071113e72877e2525b298e4e0eb,0ec8fb994a20ca36763233060f7ce9e993bbf782ce2fe72129110b9d0810c105,15273.946671039288,120,110,16,15,1,0,3842.789334
52001318,O,15,6,True,True,219.49238246666667,0.0,7,61,0,6,819.1285790668094,1.1240817999998853,97eb37784f949af0b32807fdccfc85d6249f3071113e72877e2525b298e4e0eb,d2b1ad83c93959bf6500b0bc6805ee37b861598a19f71b37c84b9224b3c46031,12286.92868600214,128,120,15,15,0,0,3292.385737
52001318,Q,15,6,True,True,223.5733452,0.0,8,62,0,6,837.8667261187459,1.1314754999998513,97eb37784f949af0b32807fdccfc85d6249f3071113e72877e2525b298e4e0eb,f8c3ba4fee242eed871189246af3a6fabb307fb102cf43fb9c1c08a4b796d253,12568.000891781188,129,120,15,15,0,0,3353.600178
52001319,E11,16,6,True,True,217.8881794375,34.99999999999998,6,0,0,6,855.3783973039733,3.961113300000079,46bd9fd6c1ad260fdffd29896a1c7a40c2b1a30f43fc6c12e4807d7a4aaa38da,fcfec9e55aa6591a5a7c62c2b34db7a1747d9cffe3d27e1546485d3223949e89,13686.054356863573,113,101,17,16,1,0,3486.210871
52001319,O,16,6,True,True,202.77461275,70.00000000000003,7,66,0,6,782.6230638418339,0.8125861000000896,46bd9fd6c1ad260fdffd29896a1c7a40c2b1a30f43fc6c12e4807d7a4aaa38da,59ff8b455c4d02a38f4d437bb147aeff2e15906678b9f5265f3b0b44e3c05dde,12521.969021469342,111,99,18,16,2,0,3244.393804
52001319,Q,16,6,True,True,199.4462689375,104.99999999999994,5,60,0,6,775.9813445991065,0.7213090000000193,46bd9fd6c1ad260fdffd29896a1c7a40c2b1a30f43fc6c12e4807d7a4aaa38da,921ba9d0ecc49d7081d266f98d1fa55136870b69dfcc974b13f74707a668f471,12415.701513585704,105,94,19,16,3,0,3191.140303
