strategy,dimension,value,pairs,qualified_pairs,win_rate,median_delta_s_per_source,P95_delta_s_per_source,worst_delta_s_per_source,worst_seed,aggregate_regret_capture_ratio,E11_runs,E11_sources,E11_all_cleared,E11_qualified,E11_failed_runs,E11_performance_population,E11_performance_runs,E11_weighted_time_per_source_s,E11_mean_time_per_source_s,E11_median,E11_P90,E11_P95,E11_P99,E11_max,E11_CVaR95,E11_tail_count,E11_mean_movement_m,E11_mean_measurements,E11_mean_switches,E11_mean_clear_failures,E11_movement_per_source_m,E11_mean_recovery_ray_m,E11_mean_supplement_count,E11_max_wall_s,E11_guaranteed_clear_failures,E11_b1plus_empty,E13_runs,E13_sources,E13_all_cleared,E13_qualified,E13_failed_runs,E13_performance_population,E13_performance_runs,E13_weighted_time_per_source_s,E13_mean_time_per_source_s,E13_median,E13_P90,E13_P95,E13_P99,E13_max,E13_CVaR95,E13_tail_count,E13_mean_movement_m,E13_mean_measurements,E13_mean_switches,E13_mean_clear_failures,E13_movement_per_source_m,E13_mean_recovery_ray_m,E13_mean_supplement_count,E13_max_wall_s,E13_guaranteed_clear_failures,E13_b1plus_empty
J,N,10,2,2,1.0,-24.464074649999986,-7.337976764999979,-5.435076999999978,52000606,0.58062336392996,2,20,True,True,0,qualified_runs_only,2,306.6117502,306.61175019999996,306.61175019999996,327.76266068,330.40652449,332.521615538,333.0503883,333.0503883,1,11305.58750922772,127,118.5,0.5,1130.558750922772,17.5,3,1.5138595000007626,0,0,2,20,True,True,0,qualified_runs_only,2,282.14767555,282.14767555000003,282.14767555000003,288.07538791,288.816351955,289.409123191,289.557316,289.557316,1,10147.383777716448,125,117,0,1014.7383777716448,0.0,4.5,0.7091909999999189,0,0
J,N,11,3,3,0.6666666666666666,-6.888052000000073,1.400846463636361,2.3218351818181873,52000614,0.30634490337845544,3,33,True,True,0,qualified_runs_only,3,315.1438966060606,315.1438966060606,310.8436854545455,323.7038858909091,325.3114109454545,326.59743098909087,326.918936,326.918936,1,13464.580979161572,121,112.66666666666667,0.3333333333333333,1224.0528162874157,11.666666666666666,5.333333333333333,2.220826400000078,0,0,3,33,True,True,0,qualified_runs_only,3,302.3241778181818,302.3241778181818,303.9556334545454,308.7838495272727,309.38737653636366,309.8701981436364,309.99090354545456,309.99090354545456,1,12651.163113782794,124.33333333333333,117.66666666666667,0.3333333333333333,1150.1057376166175,11.666666666666698,5.666666666666667,0.9295545000004495,0,0
J,N,12,3,3,1.0,-9.066160999999965,-5.80494222499998,-5.442584583333314,52000601,0.35903787737635623,3,36,True,True,0,qualified_runs_only,3,287.01661666666666,287.01661666666666,288.716204,305.55383259999996,307.658536175,309.342299035,309.76323974999997,309.76323974999997,1,13419.33033288526,118,108.33333333333333,0.6666666666666666,1118.2775277404382,23.33333333333333,4.666666666666667,2.0990117999990616,0,0,3,36,True,True,0,qualified_runs_only,3,275.40194433333335,275.40194433333335,268.38093258333333,294.2338495166667,297.46546413333334,300.05075582666666,300.69707875,300.69707875,1,12704.116659357162,118.33333333333333,108.33333333333333,1.3333333333333333,1058.6763882797634,46.66666666666667,6.333333333333333,0.9622040999984165,0,0
J,N,13,3,3,1.0,-5.597664000000009,-4.285843384615356,-4.140085538461506,52000609,0.34433531083796365,3,39,True,True,0,qualified_runs_only,3,251.08269894871793,251.08269894871793,259.4577642307692,260.9733418923077,261.1627891,261.3143468661538,261.3522363076923,261.3522363076923,1,12730.375430692842,110.66666666666667,98.66666666666667,0.3333333333333333,979.2596485148339,11.666666666666671,4,3.3599011999995128,0,0,3,39,True,True,0,qualified_runs_only,3,242.46998135897434,242.46998135897437,243.357361,254.44119281538462,255.8266717923077,256.93505497384615,257.2121507692308,257.2121507692308,1,12105.548788518665,112.33333333333333,99.33333333333333,1.6666666666666667,931.1960606552818,58.333333333333336,4.333333333333333,0.9566049999993993,0,0
J,N,14,3,3,0.6666666666666666,-22.08696642857143,-1.2387458785714252,1.0777230714285793,52000603,0.31756744925297686,3,42,True,True,0,qualified_runs_only,3,271.81045738095236,271.81045738095236,272.17807685714286,280.40679245714284,281.4353819071428,282.2582534671428,282.46397135714284,282.46397135714284,1,15255.065350123365,115.33333333333333,102.66666666666667,1.6666666666666667,1089.647525008812,58.33333333333335,5.333333333333333,3.291506499999741,0,0,3,42,True,True,0,qualified_runs_only,3,255.9484089285714,255.94840892857144,255.88706935714285,260.6710514714286,261.2690492357143,261.74744744714286,261.867047,261.867047,1,14076.388625160998,116.33333333333333,107.33333333333333,3,1005.4563303686429,105.00000000000003,6.333333333333333,1.104000499999529,0,0
J,N,15,3,3,0.6666666666666666,-11.11263393333337,15.481619726666686,18.436536800000027,52000618,0.04248672118272867,3,45,True,True,0,qualified_runs_only,3,243.75308922222223,243.75308922222223,254.9240134,262.64945868,263.61513934000004,264.387683868,264.58082,264.58082,1,14103.14835681708,128,116.66666666666667,1.3333333333333333,940.2098904544721,46.66666666666665,4.666666666666667,3.0856745000000956,0,0,3,45,True,True,0,qualified_runs_only,3,239.92818971111112,239.92818971111112,236.12541199999998,249.99963125333332,251.73390865999997,253.1213305853333,253.46818606666665,253.46818606666665,1,13989.614227320326,122.33333333333333,112.33333333333333,0.6666666666666666,932.6409484880216,23.333333333333314,6.666666666666667,1.1899230999988504,0,0
J,N,16,3,3,1.0,-17.89626387499999,-9.084985606250001,-8.105954687500002,52000619,0.5736831422514455,3,48,True,True,0,qualified_runs_only,3,234.24769222916666,234.24769222916666,244.305916875,245.661741675,245.831219775,245.96680225499998,246.000697875,246.000697875,1,15209.815378441503,106.33333333333333,93.33333333333333,0.3333333333333333,950.613461152594,11.666666666666671,5,3.3300676999988355,0,0,3,48,True,True,0,qualified_runs_only,3,213.04293789583335,213.04293789583335,206.6938724375,223.8223216875,225.96337784374998,227.67622276875,228.104434,228.104434,1,13448.435031661604,109,94,0,840.5271894788502,0.0,5.666666666666667,1.3898736000010103,0,0
J,k0,3,2,2,0.5,-2.283108409090943,1.8613408227272732,2.3218351818181873,52000614,0.12128023898066263,2,22,True,True,0,qualified_runs_only,2,309.25637690909093,309.25637690909093,309.25637690909093,310.52622374545456,310.6849546,310.8119392836364,310.8436854545455,310.8436854545455,1,13201.600729458256,119,110,0.5,1200.1455208598416,17.5,5.5,1.928423000001203,0,0,2,22,True,True,0,qualified_runs_only,2,306.97326849999996,306.9732685,306.9732685,309.38737653636366,309.6891400409091,309.93055084454545,309.99090354545456,309.99090354545456,1,12891.029768398723,125,117,0.5,1171.9117971271567,17.500000000000046,6,0.7842636000004859,0,0
J,k0,4,2,2,1.0,-32.79001936428571,-23.15727172214286,-22.08696642857143,52000617,0.5277634170535087,2,24,True,True,0,qualified_runs_only,2,297.5415399583333,302.61423257857143,302.61423257857143,326.96315715571427,330.00677272785714,332.4416651855714,333.0503883,333.0503883,1,13812.492395678695,126,116.5,0.5,1151.0410329732247,17.5,4,2.7916806000012,0,0,2,24,True,True,0,qualified_runs_only,2,266.53536275,269.8242132142857,269.8242132142857,285.61069544285715,287.5840057214286,289.16265394428575,289.557316,289.557316,1,12012.12176571495,124,114.5,0.5,1001.0101471429125,17.499999999999975,5.5,0.7091909999999189,0,0
J,k0,5,4,4,1.0,-7.25437279166664,-5.436203137499978,-5.435076999999978,52000606,0.34215014771227625,4,47,True,True,0,qualified_runs_only,4,277.5039533617021,277.9911305826923,271.37175917499997,300.886201455,305.32472060249995,308.87553592049994,309.76323974999997,309.76323974999997,1,12430.857259635832,120.75,109.75,0.75,1057.9452986924111,26.25,4.5,2.0990117999990616,0,0,4,47,True,True,0,qualified_runs_only,4,268.1898904042553,268.98007412916667,265.9329283833333,292.909365655,296.80322220249997,299.9183074405,300.69707875,300.69707875,1,11862.40606173058,121.25,109.25,1.5,1009.5664733387728,52.500000000000014,5.75,0.9622040999984165,0,0
J,k0,6,1,1,1.0,-18.798601400000024,-18.798601400000024,-18.798601400000024,52000611,0.36687696928714975,1,15,True,True,0,qualified_runs_only,1,254.9240134,254.9240134,254.9240134,254.9240134,254.9240134,254.9240134,254.9240134,254.9240134,1,14894.30100394661,130,114,2,992.9534002631074,70.00000000000003,6,2.3358652999995684,0,0,1,15,True,True,0,qualified_runs_only,1,236.12541199999998,236.12541199999998,236.12541199999998,236.12541199999998,236.12541199999998,236.12541199999998,236.12541199999998,236.12541199999998,1,13724.40590144143,123,107,0,914.9603934294287,0.0,7,1.1002392000009422,0,0
J,k0,7,5,5,0.6,-11.11263393333337,14.964774054285735,18.436536800000027,52000618,0.20703560528816622,5,69,True,True,0,qualified_runs_only,5,265.893960057971,269.3014971104762,264.58082,309.13695014285713,318.0279430714285,325.1407374142857,326.918936,326.918936,1,14369.683243351406,122.2,111.2,1.4,1041.2813944457541,49.0,4.8,3.291506499999741,0,0,5,69,True,True,0,qualified_runs_only,5,256.9091441594203,258.8878539890043,255.88706935714285,280.5624166727273,286.79420656363635,291.77963847636363,293.02599645454546,293.02599645454546,1,13763.73094605293,120.8,113.6,2,997.3718076849949,70.00000000000001,6,1.1899230999988504,0,0
J,k0,8,2,2,1.0,-12.237678477564089,-4.949844832371765,-4.140085538461506,52000609,0.3172812316874557,2,25,True,True,0,qualified_runs_only,2,274.4869408,275.03422015384615,275.03422015384615,285.9798072307692,287.34800561538464,288.4425643230769,288.716204,288.716204,1,13640.433799919338,108,100.5,0,1091.234703993547,0.0,4,2.41791000000012,0,0,2,25,True,True,0,qualified_runs_only,2,262.57316604,262.79654167628206,262.79654167628206,267.2640544019231,267.8224934926282,268.2692447651923,268.38093258333333,268.38093258333333,1,12838.322875678292,109.5,101.5,1,1027.0658300542634,34.99999999999996,5.5,0.8041322000008222,0,0
J,k0,9,4,4,1.0,-13.001109281249995,-5.973907603125008,-5.597664000000009,52000602,0.5490504439108436,4,61,True,True,0,qualified_runs_only,4,233.8620406393443,233.7952932487981,238.37200659134618,245.49226357499998,245.746480725,245.949854445,246.000697875,246.000697875,1,14345.730598365193,105.5,92.75,0.25,940.7036457944389,8.750000000000004,4.5,3.3599011999995128,0,0,4,61,True,True,0,qualified_runs_only,4,215.98338752459017,216.49231149879807,216.76715237259617,227.7252334923077,227.91483374615385,228.06651394923077,228.104434,228.104434,1,12936.233298656301,107.25,93.25,0.25,848.2775933545116,8.750000000000014,5,1.3898736000010103,0,0
J,activity_group,10+,20,20,0.85,-10.089397466666668,3.127570262727291,18.436536800000027,52000618,0.34670388260801754,20,263,True,True,0,qualified_runs_only,20,267.24572054372624,271.119342678068,263.575613125,312.45121050909097,327.22550861499997,331.885412363,333.0503883,333.0503883,1,13757.906125141015,117.6,106.7,0.75,1046.2286026723207,26.25,4.65,3.3599011999995128,0,0,20,263,True,True,0,qualified_runs_only,20,253.8521421254753,257.5821135619008,256.50744551190473,301.02293422045454,304.2573969590909,308.8442022281818,309.99090354545456,309.99090354545456,1,12861.028344641876,117.9,107.55,1.05,978.0249691742873,36.75000000000001,5.7,1.3898736000010103,0,0
J,chosen_template,6,20,20,0.85,-10.089397466666668,3.127570262727291,18.436536800000027,52000618,0.34670388260801754,20,263,True,True,0,qualified_runs_only,20,267.24572054372624,271.119342678068,263.575613125,312.45121050909097,327.22550861499997,331.885412363,333.0503883,333.0503883,1,13757.906125141015,117.6,106.7,0.75,1046.2286026723207,26.25,4.65,3.3599011999995128,0,0,20,263,True,True,0,qualified_runs_only,20,253.8521421254753,257.5821135619008,256.50744551190473,301.02293422045454,304.2573969590909,308.8442022281818,309.99090354545456,309.99090354545456,1,12861.028344641876,117.9,107.55,1.05,978.0249691742873,36.75000000000001,5.7,1.3898736000010103,0,0
J,clear_failures,0,10,10,1.0,-18.347432637500006,-6.088915750000022,-5.435076999999978,52000606,0.47139600762430345,10,132,True,True,0,qualified_runs_only,10,270.0657576969697,276.19502359420454,272.37696604999996,327.53208122999996,330.291234765,332.498557593,333.0503883,333.0503883,1,14040.840007658979,116.5,106.4,0.6,1063.7000005802256,20.999999999999996,4.9,3.3300676999988355,0,0,10,132,True,True,0,qualified_runs_only,10,250.00217894696968,255.83803253465908,260.924559325,294.11896015454545,299.0372968045454,302.9719661245454,303.9556334545454,303.9556334545454,1,12711.643810148413,116.9,107.2,0,963.0033189506373,0.0,5.7,1.3898736000010103,0,0
J,clear_failures,1,3,3,0.6666666666666666,-5.597664000000009,1.5298852636363671,2.3218351818181873,52000614,0.231983258436181,3,38,True,True,0,qualified_runs_only,3,268.85652842105264,270.7617471761572,272.17807685714286,300.5708700623377,304.11996921298703,306.9592485335065,307.66906836363637,307.66906836363637,1,13352.580131486133,113.66666666666667,103.33333333333333,0,1054.151063012063,0.0,4.333333333333333,3.3599011999995128,0,0,3,38,True,True,0,qualified_runs_only,3,259.47634486842105,262.3074820939061,250.09111042857143,298.01094492207795,304.0009242337662,308.7929076831169,309.99090354545456,309.99090354545456,1,12720.168508999483,114.33333333333333,104.66666666666667,1,1004.223829657854,35.000000000000036,5.666666666666667,0.9566049999993993,0,0
J,clear_failures,2,5,5,0.8,-5.442584583333314,13.921212332307718,18.436536800000027,52000618,0.08433440293604079,5,65,True,True,0,qualified_runs_only,5,258.6900042,260.9796161610256,261.3522363076923,290.88610635,300.32467304999994,307.87552640999996,309.76323974999997,309.76323974999997,1,12849.850272017586,122.8,111.6,0.8,988.4500209244297,28.0,4,2.485306300000957,0,0,5,65,True,True,0,qualified_runs_only,5,256.21795421538457,257.7170766505128,257.12782166666665,283.30310755769233,292.00009315384614,298.95768163076923,300.69707875,300.69707875,1,12708.167023832159,121.8,109.2,2,977.5513095255507,69.99999999999999,5.6,1.1899230999988504,0,0
J,clear_failures,3,1,1,1.0,-26.57690199999999,-26.57690199999999,-26.57690199999999,52000610,0.4159520768483258,1,14,True,True,0,qualified_runs_only,1,282.46397135714284,282.46397135714284,282.46397135714284,282.46397135714284,282.46397135714284,282.46397135714284,282.46397135714284,282.46397135714284,1,16067.477997170776,112,102,3,1147.6769997979125,105.0,5,2.514135899999019,0,0,1,14,True,True,0,qualified_runs_only,1,255.88706935714285,255.88706935714285,255.88706935714285,255.88706935714285,255.88706935714285,255.88706935714285,255.88706935714285,255.88706935714285,1,14017.094853213906,118,110,3,1001.2210609438505,104.99999999999997,6,1.094568900000013,0,0
J,clear_failures,5,1,1,0.0,1.0777230714285793,1.0777230714285793,1.0777230714285793,52000603,-0.005136607921077656,1,14,True,True,0,qualified_runs_only,1,260.78932392857143,260.78932392857143,260.78932392857143,260.78932392857143,260.78932392857143,260.78932392857143,260.78932392857143,260.78932392857143,1,14375.252674513415,120,100,2,1026.8037624652438,70.00000000000006,6,3.291506499999741,0,0,1,14,True,True,0,qualified_runs_only,1,261.867047,261.867047,261.867047,261.867047,261.867047,261.867047,261.867047,261.867047,1,14385.693291980266,119,109,5,1027.5495208557334,175.00000000000014,6,1.104000499999529,0,0
K,N,10,2,2,1.0,-21.77144364999998,-3.254539224999945,-1.1971053999999413,52000606,0.5269168533534205,2,20,True,True,0,qualified_runs_only,2,306.6117502,306.61175019999996,306.61175019999996,327.76266068,330.40652449,332.521615538,333.0503883,333.0503883,1,11305.58750922772,127,118.5,0.5,1130.558750922772,17.5,3,1.5138595000007626,0,0,2,20,True,True,0,qualified_runs_only,2,284.84030655000004,284.84030655000004,284.84030655000004,289.53174643,290.118176415,290.587320403,290.7046064,290.7046064,1,10254.515327737405,126,117.5,0,1025.4515327737404,0.0,4.5,0.8044917000006535,0,0
K,N,11,3,3,0.3333333333333333,0.3281399090909076,2.73313807272724,3.000360090909055,52000600,0.18391211982821232,3,33,True,True,0,qualified_runs_only,3,315.1438966060606,315.1438966060606,310.8436854545455,323.7038858909091,325.3114109454545,326.59743098909087,326.918936,326.918936,1,13464.580979161572,121,112.66666666666667,0.3333333333333333,1224.0528162874157,11.666666666666666,5.333333333333333,2.220826400000078,0,0,3,33,True,True,0,qualified_runs_only,3,307.7197149090909,307.7197149090909,307.9972082727273,312.6746780909091,313.25936181818184,313.7271088,313.84404554545455,313.84404554545455,1,12976.250988101987,123.66666666666667,116.33333333333333,0,1179.6591807365442,0.0,7,0.8938099000006332,0,0
K,N,12,3,3,1.0,-6.294310249999967,-3.6251116249999886,-3.3285339999999906,52000601,0.3162287408528688,3,36,True,True,0,qualified_runs_only,3,287.01661666666666,287.01661666666666,288.716204,305.55383259999996,307.658536175,309.342299035,309.76323974999997,309.76323974999997,1,13419.33033288526,118,108.33333333333333,0.6666666666666666,1118.2775277404382,23.33333333333333,4.666666666666667,2.0990117999990616,0,0,3,36,True,True,0,qualified_runs_only,3,277.6843390833333,277.6843390833333,270.3422155,296.8435867,300.1562581,302.80639522,303.4689295,303.4689295,1,12789.393678086399,120.33333333333333,109.66666666666667,1,1065.7828065072,34.99999999999997,6,0.9306195999997726,0,0
K,N,13,3,3,1.0,-6.715982923076922,-4.660943207692304,-4.432605461538458,52000609,0.24945061450838302,3,39,True,True,0,qualified_runs_only,3,251.08269894871793,251.08269894871793,259.4577642307692,260.9733418923077,261.1627891,261.3143468661538,261.3522363076923,261.3522363076923,1,12730.375430692842,110.66666666666667,98.66666666666667,0.3333333333333333,979.2596485148339,11.666666666666671,4,3.3599011999995128,0,0,3,39,True,True,0,qualified_runs_only,3,245.0419291794872,245.04192917948717,252.4840433076923,256.0325133384615,256.4760720923077,256.8309190953846,256.91963084615384,256.91963084615384,1,12277.725397583388,112,99,2,944.4404151987221,69.99999999999996,5,0.9636819000006653,0,0
K,N,14,3,3,0.6666666666666666,-16.93587099999999,2.1718227714285767,4.294899857142866,52000603,0.2291400638439053,3,42,True,True,0,qualified_runs_only,3,271.81045738095236,271.81045738095236,272.17807685714286,280.40679245714284,281.4353819071428,282.2582534671428,282.46397135714284,282.46397135714284,1,15255.065350123365,115.33333333333333,102.66666666666667,1.6666666666666667,1089.647525008812,58.33333333333335,5.333333333333333,3.291506499999741,0,0,3,42,True,True,0,qualified_runs_only,3,260.16086473809526,260.16086473809526,260.1561645714286,264.09861194285713,264.59141786428575,264.9856626014286,265.0842237857143,265.0842237857143,1,14404.593865578825,115.33333333333333,105.66666666666667,3,1028.899561827059,104.99999999999997,6,0.9753780999999435,0,0
K,N,15,3,3,0.6666666666666666,-4.527562933333343,20.49533248666668,23.27565420000002,52000618,-0.09134564555368106,3,45,True,True,0,qualified_runs_only,3,243.75308922222223,243.75308922222223,254.9240134,262.64945868,263.61513934000004,264.387683868,264.58082,264.58082,1,14103.14835681708,128,116.66666666666667,1.3333333333333333,940.2098904544721,46.66666666666665,4.666666666666667,3.0856745000000956,0,0,3,45,True,True,0,qualified_runs_only,3,244.71881668888892,244.7188166888889,239.07310453333332,255.85722656000002,257.9552418133333,259.63365401600004,260.0532570666667,260.0532570666667,1,14347.244584121914,122.66666666666667,112,0.3333333333333333,956.4829722747943,11.666666666666673,7.666666666666667,1.2377675000007002,0,0
K,N,16,3,3,1.0,-15.722057999999976,-6.87556290000002,-5.892619000000025,52000619,0.5318883302493113,3,48,True,True,0,qualified_runs_only,3,234.24769222916666,234.24769222916666,244.305916875,245.661741675,245.831219775,245.96680225499998,246.000697875,246.000697875,1,15209.815378441503,106.33333333333333,93.33333333333333,0.3333333333333333,950.613461152594,11.666666666666671,5,3.3300676999988355,0,0,3,48,True,True,0,qualified_runs_only,3,215.79280479166667,215.79280479166667,210.5559315625,226.3340982125,228.30636904375,229.88418570875,230.278639875,230.278639875,1,13576.757715450094,112,95.33333333333333,0.6666666666666666,848.547357215631,23.333333333333353,6.666666666666667,1.526773100000355,0,0
K,k0,3,2,2,0.0,1.6642499999999814,2.866749081818148,3.000360090909055,52000600,0.03064164543709423,2,22,True,True,0,qualified_runs_only,2,309.25637690909093,309.25637690909093,309.25637690909093,310.52622374545456,310.6849546,310.8119392836364,310.8436854545455,310.8436854545455,1,13201.600729458256,119,110,0.5,1200.1455208598416,17.5,5.5,1.928423000001203,0,0,2,22,True,True,0,qualified_runs_only,2,310.9206269090909,310.9206269090909,310.9206269090909,313.25936181818184,313.5517036818182,313.7855771727273,313.84404554545455,313.84404554545455,1,13123.134481767556,125,115.5,0,1193.0122256152324,0.0,8,0.6961670000000595,0,0
K,k0,4,2,2,1.0,-29.640826450000006,-18.206366544999995,-16.93587099999999,52000617,0.4774982614046364,2,24,True,True,0,qualified_runs_only,2,297.5415399583333,302.61423257857143,302.61423257857143,326.96315715571427,330.00677272785714,332.4416651855714,333.0503883,333.0503883,1,13812.492395678695,126,116.5,0.5,1151.0410329732247,17.5,4,2.7916806000012,0,0,2,24,True,True,0,qualified_runs_only,2,270.0182060833333,272.9734061285714,272.9734061285714,287.1583663457143,288.93148637285714,290.34998239457144,290.7046064,290.7046064,1,12183.592366019198,125.5,114.5,0.5,1015.2993638349332,17.499999999999996,5,0.8044917000006535,0,0
K,k0,5,4,4,1.0,-4.811422124999979,-1.5168196899999493,-1.1971053999999413,52000606,0.1746285927708074,4,47,True,True,0,qualified_runs_only,4,277.5039533617021,277.9911305826923,271.37175917499997,300.886201455,305.32472060249995,308.87553592049994,309.76323974999997,309.76323974999997,1,12430.857259635832,120.75,109.75,0.75,1057.9452986924111,26.25,4.5,2.0990117999990616,0,0,4,47,True,True,0,qualified_runs_only,4,272.8634521489362,273.5427129394231,269.108939475,296.12105266000003,299.79499108,302.734141816,303.4689295,303.4689295,1,12140.727813798061,121.25,109.25,1.25,1033.253430961537,43.74999999999998,5.75,0.9306195999997726,0,0
K,k0,6,1,1,1.0,-15.850908866666686,-15.850908866666686,-15.850908866666686,52000611,0.36026727990268625,1,15,True,True,0,qualified_runs_only,1,254.9240134,254.9240134,254.9240134,254.9240134,254.9240134,254.9240134,254.9240134,254.9240134,1,14894.30100394661,130,114,2,992.9534002631074,70.00000000000003,6,2.3358652999995684,0,0,1,15,True,True,0,qualified_runs_only,1,239.07310453333332,239.07310453333332,239.07310453333332,239.07310453333332,239.07310453333332,239.07310453333332,239.07310453333332,239.07310453333332,1,13745.482839726734,130,112,0,916.365522648449,0.0,7,1.2377675000007002,0,0
K,k0,7,5,5,0.6,-4.527562933333343,19.479503331428585,23.27565420000002,52000618,0.05622888164650968,5,69,True,True,0,qualified_runs_only,5,265.893960057971,269.3014971104762,264.58082,309.13695014285713,318.0279430714285,325.1407374142857,326.918936,326.918936,1,14369.683243351406,122.2,111.2,1.4,1041.2813944457541,49.0,4.8,3.291506499999741,0,0,5,69,True,True,0,qualified_runs_only,5,262.23351333333335,264.3283249599134,260.1561645714286,286.8244240597403,294.0711574844156,299.86854422415587,301.3178909090909,301.3178909090909,1,14205.112420082613,118.4,111.4,1.8,1029.3559724697545,62.99999999999999,6.6,1.034561800001029,0,0
K,k0,8,2,2,1.0,-11.403296980769227,-5.129674613461535,-4.432605461538458,52000609,0.3333679374273526,2,25,True,True,0,qualified_runs_only,2,274.4869408,275.03422015384615,275.03422015384615,285.9798072307692,287.34800561538464,288.4425643230769,288.716204,288.716204,1,13640.433799919338,108,100.5,0,1091.234703993547,0.0,4,2.41791000000012,0,0,2,25,True,True,0,qualified_runs_only,2,263.36247148,263.6309231730769,263.6309231730769,268.99995703461536,269.6710862673077,270.20798965346154,270.3422155,270.3422155,1,12797.654468220353,112.5,103,1.5,1023.8123574576282,52.499999999999915,5.5,0.8194199999998091,0,0
K,k0,9,4,4,1.0,-11.219020461538449,-6.01612358846156,-5.892619000000025,52000619,0.5162049992168035,4,61,True,True,0,qualified_runs_only,4,233.8620406393443,233.7952932487981,238.37200659134618,245.49226357499998,245.746480725,245.949854445,246.000697875,246.000697875,1,14345.730598365193,105.5,92.75,0.25,940.7036457944389,8.750000000000004,4.5,3.3599011999995128,0,0,4,61,True,True,0,qualified_runs_only,4,217.90888695081966,218.27513193990384,218.1390224735577,228.91168192788462,229.5951609014423,230.14194408028848,230.278639875,230.278639875,1,13020.552628724095,109.25,94.25,0.75,853.8067297523997,26.25000000000003,6,1.526773100000355,0,0
K,activity_group,10+,20,20,0.8,-6.505146586538444,5.243937574285737,23.27565420000002,52000618,0.2615746936135104,20,263,True,True,0,qualified_runs_only,20,267.24572054372624,271.119342678068,263.575613125,312.45121050909097,327.22550861499997,331.885412363,333.0503883,333.0503883,1,13757.906125141015,117.6,106.7,0.75,1046.2286026723207,26.25,4.65,3.3599011999995128,0,0,20,263,True,True,0,qualified_runs_only,20,257.4219994980989,261.15180106358434,259.6475646583333,303.92175737727274,308.28955013636363,312.7331464636364,313.84404554545455,313.84404554545455,1,13081.246467112132,118.5,107.45,1.05,994.7715944571963,36.74999999999999,6.2,1.526773100000355,0,0
K,chosen_template,6,20,20,0.8,-6.505146586538444,5.243937574285737,23.27565420000002,52000618,0.2615746936135104,20,263,True,True,0,qualified_runs_only,20,267.24572054372624,271.119342678068,263.575613125,312.45121050909097,327.22550861499997,331.885412363,333.0503883,333.0503883,1,13757.906125141015,117.6,106.7,0.75,1046.2286026723207,26.25,4.65,3.3599011999995128,0,0,20,263,True,True,0,qualified_runs_only,20,257.4219994980989,261.15180106358434,259.6475646583333,303.92175737727274,308.28955013636363,312.7331464636364,313.84404554545455,313.84404554545455,1,13081.246467112132,118.5,107.45,1.05,994.7715944571963,36.74999999999999,6.2,1.526773100000355,0,0
K,clear_failures,0,9,9,0.7777777777777778,-15.850908866666686,1.9314720181817953,3.000360090909055,52000600,0.3536272599358468,9,111,True,True,0,qualified_runs_only,9,285.5679748738739,290.1313493881313,288.716204,328.14522646,330.59780738,332.559872116,333.0503883,333.0503883,1,13771.13622774802,119,109.44444444444444,0.5555555555555556,1116.5786130606502,19.44444444444444,4.888888888888889,3.0856745000000956,0,0,9,111,True,True,0,qualified_runs_only,9,269.8329156576576,274.7626962766414,278.9760067,309.16657572727274,311.5053106363636,313.37629856363634,313.84404554545455,313.84404554545455,1,12737.474243426685,121.44444444444444,111.55555555555556,0,1032.7681818994608,0.0,6.555555555555555,1.526773100000355,0,0
K,clear_failures,1,6,6,0.8333333333333334,-6.505146586538444,15.983585900000008,23.27565420000002,52000618,0.12946720025541353,6,86,True,True,0,qualified_runs_only,6,244.8913753023256,247.42850116566697,239.21939709134614,290.97065830357144,300.3669490267857,307.8839816053571,309.76323974999997,309.76323974999997,1,13776.381895263994,115.5,104.16666666666667,0.5,961.1429229253949,17.5,4.166666666666667,3.3599011999995128,0,0,6,86,True,True,0,qualified_runs_only,6,240.27926234883722,242.71430333682082,232.65436417083333,279.35556767857145,291.4122485892857,301.05759331785714,303.4689295,303.4689295,1,13490.84713384491,113.83333333333333,102,1,941.2218930589473,35.00000000000003,6,1.4334542999986297,0,0
K,clear_failures,2,2,2,1.0,-5.151127461538451,-3.5107933461538368,-3.3285339999999906,52000601,0.2216707027965944,2,25,True,True,0,qualified_runs_only,2,260.9518324,261.0140852403846,261.0140852403846,262.2591420480769,262.4147741490384,262.53927982980764,262.57040624999996,262.57040624999996,1,12351.989525123323,123,111,1,988.1591620098658,35.0,5,1.7247547999995732,0,0,2,25,True,True,0,qualified_runs_only,2,255.7278012,255.86295777884612,255.86295777884612,258.5660893557692,258.9039808028846,259.1742939605769,259.24187225,259.24187225,1,11992.987577091983,124,109.5,2,959.4390061673586,69.99999999999993,6,0.8980273999986821,0,0
K,clear_failures,3,2,2,1.0,-13.37020612362636,-5.3263655277472495,-4.432605461538458,52000609,0.31038765942189683,2,27,True,True,0,qualified_runs_only,2,272.2990618888889,271.90810383241757,271.90810383241757,280.3527978521978,281.4083846046703,282.25285400664836,282.46397135714284,282.46397135714284,1,14740.186678372054,111,101,1.5,1091.8656798794113,52.5,4,2.514135899999019,0,0,2,27,True,True,0,qualified_runs_only,2,258.5978335185185,258.5378977087912,258.5378977087912,259.8325111989011,259.99433788516484,260.1237992341758,260.1561645714286,260.1561645714286,1,13665.353763764597,115.5,104,3,1012.2484269455257,104.99999999999991,5.5,0.9337232000016229,0,0
K,clear_failures,5,1,1,0.0,4.294899857142866,4.294899857142866,4.294899857142866,52000603,-0.172510445521333,1,14,True,True,0,qualified_runs_only,1,260.78932392857143,260.78932392857143,260.78932392857143,260.78932392857143,260.78932392857143,260.78932392857143,260.78932392857143,260.78932392857143,1,14375.252674513415,120,100,2,1026.8037624652438,70.00000000000006,6,3.291506499999741,0,0,1,14,True,True,0,qualified_runs_only,1,265.0842237857143,265.0842237857143,265.0842237857143,265.0842237857143,265.0842237857143,265.0842237857143,265.0842237857143,265.0842237857143,1,14725.895666619852,115,106,5,1051.8496904728465,174.99999999999994,6,0.9753780999999435,0,0
